trip_id,branch,headsign
GO201_26_2,Montauk Branch,Montauk
GO201_26_2_1,Montauk Branch,Montauk
GO201_26_3,Montauk Branch,Jamaica
GO201_26_4,Montauk Branch,Montauk
GO201_26_5,Montauk Branch,Penn Station
GO201_26_7,Montauk Branch,Long Island City
GO201_26_8,Montauk Branch,Montauk
GO201_26_10,Montauk Branch,Montauk
GO201_26_11,Montauk Branch,Hunterspoint Avenue
GO201_26_12,Montauk Branch,Montauk
GO201_26_13,Montauk Branch,Jamaica
GO201_26_14,Montauk Branch,Montauk
GO201_26_16,Montauk Branch,Montauk
GO201_26_17,Montauk Branch,Jamaica
GO201_26_18,Montauk Branch,Montauk
GO201_26_18_1,Montauk Branch,Montauk
GO201_26_20,Montauk Branch,Montauk
GO201_26_20_1,Montauk Branch,Montauk
GO201_26_21,Montauk Branch,Jamaica
GO201_26_21_3,Montauk Branch,Jamaica
GO201_26_22,Montauk Branch,Montauk
GO201_26_26,Montauk Branch,Montauk
GO201_26_31,Montauk Branch,Babylon
GO201_26_32,Montauk Branch,Speonk
GO201_26_35,Montauk Branch,Long Island City
GO201_26_36,Montauk Branch,Speonk
GO201_26_37,Montauk Branch,Long Island City
GO201_26_38,Montauk Branch,Speonk
GO201_26_39,Montauk Branch,Penn Station
GO201_26_40,Montauk Branch,Speonk
GO201_26_41,Montauk Branch,Babylon
GO201_26_43,Montauk Branch,Babylon
GO201_26_44,Montauk Branch,Speonk
GO201_26_45,Montauk Branch,Jamaica
GO201_26_46,Montauk Branch,Speonk
GO201_26_47,Montauk Branch,Jamaica
GO201_26_48,Montauk Branch,Speonk
GO201_26_49,Montauk Branch,Jamaica
GO201_26_49_4,Montauk Branch,Jamaica
GO201_26_56,Montauk Branch,Patchogue
GO201_26_57,Montauk Branch,Babylon
GO201_26_58,Montauk Branch,Patchogue
GO201_26_59,Montauk Branch,Babylon
GO201_26_60,Montauk Branch,Patchogue
GO201_26_61,Montauk Branch,Babylon
GO201_26_62,Montauk Branch,Patchogue
GO201_26_63,Montauk Branch,Babylon
GO201_26_64,Montauk Branch,Patchogue
GO201_26_66,Montauk Branch,Patchogue
GO201_26_67,Montauk Branch,Babylon
GO201_26_68,Montauk Branch,Patchogue
GO201_26_69,Montauk Branch,Babylon
GO201_26_71,Montauk Branch,Babylon
GO201_26_73,Montauk Branch,Babylon
GO201_26_74,Montauk Branch,Patchogue
GO201_26_75,Montauk Branch,Babylon
GO201_26_76,Montauk Branch,Patchogue
GO201_26_77,Montauk Branch,Babylon
GO201_26_78,Montauk Branch,Patchogue
GO201_26_79,Montauk Branch,Jamaica
GO201_26_79_1,Montauk Branch,Jamaica
GO201_26_80,Montauk Branch,Patchogue
GO201_26_82,Montauk Branch,Patchogue
GO201_26_84,Montauk Branch,Patchogue
GO201_26_89,Montauk Branch,Babylon
GO201_26_90,Montauk Branch,Amagansett
GO201_26_91,Montauk Branch,Hampton Bays
GO201_26_92,Montauk Branch,Montauk
GO201_26_93,Montauk Branch,Speonk
GO201_26_94,Montauk Branch,Montauk
GO201_26_95,Montauk Branch,Speonk
GO201_26_99,Montauk Branch,Babylon
GO201_26_101,Babylon Branch,Penn Station
GO201_26_101_1,Babylon Branch,Penn Station
GO201_26_101_2,Babylon Branch,Penn Station
GO201_26_102,Babylon Branch,Babylon
GO201_26_102_1,Babylon Branch,Babylon
GO201_26_103,Babylon Branch,Penn Station
GO201_26_103_1,Babylon Branch,Penn Station
GO201_26_104,Babylon Branch,Babylon
GO201_26_105,Babylon Branch,Penn Station
GO201_26_107,Babylon Branch,Penn Station
GO201_26_109,Babylon Branch,Penn Station
GO201_26_109_1,Babylon Branch,Penn Station
GO201_26_111,Babylon Branch,Penn Station
GO201_26_119,Babylon Branch,Penn Station
GO201_26_120,Babylon Branch,Babylon
GO201_26_121,Babylon Branch,Penn Station
GO201_26_122,Babylon Branch,Babylon
GO201_26_123,Babylon Branch,Penn Station
GO201_26_124,Babylon Branch,Babylon
GO201_26_125,Babylon Branch,Penn Station
GO201_26_127,Babylon Branch,Penn Station
GO201_26_128,Babylon Branch,Babylon
GO201_26_129,Babylon Branch,Penn Station
GO201_26_130,Babylon Branch,Babylon
GO201_26_131,Babylon Branch,Penn Station
GO201_26_132,Babylon Branch,Babylon
GO201_26_133,Babylon Branch,Penn Station
GO201_26_134,Babylon Branch,Babylon
GO201_26_135,Babylon Branch,Penn Station
GO201_26_136,Babylon Branch,Babylon
GO201_26_137,Babylon Branch,Penn Station
GO201_26_138,Babylon Branch,Babylon
GO201_26_139,Babylon Branch,Penn Station
GO201_26_140,Babylon Branch,Babylon
GO201_26_141,Babylon Branch,Penn Station
GO201_26_143,Babylon Branch,Penn Station
GO201_26_144,Babylon Branch,Babylon
GO201_26_145,Babylon Branch,Penn Station
GO201_26_146,Babylon Branch,Babylon
GO201_26_147,Babylon Branch,Penn Station
GO201_26_148,Babylon Branch,Babylon
GO201_26_149,Babylon Branch,Penn Station
GO201_26_150,Babylon Branch,Babylon
GO201_26_152,Babylon Branch,Babylon
GO201_26_155,Babylon Branch,Penn Station
GO201_26_156,Babylon Branch,Babylon
GO201_26_157,Babylon Branch,Penn Station
GO201_26_158,Babylon Branch,Babylon
GO201_26_159,Babylon Branch,Penn Station
GO201_26_160,Babylon Branch,Babylon
GO201_26_161,Babylon Branch,Penn Station
GO201_26_162,Babylon Branch,Babylon
GO201_26_163,Babylon Branch,Penn Station
GO201_26_164,Babylon Branch,Babylon
GO201_26_165,Babylon Branch,Penn Station
GO201_26_166,Babylon Branch,Babylon
GO201_26_167,Babylon Branch,Penn Station
GO201_26_168,Babylon Branch,Babylon
GO201_26_169,Babylon Branch,Penn Station
GO201_26_170,Babylon Branch,Babylon
GO201_26_171,Babylon Branch,Penn Station
GO201_26_172,Babylon Branch,Babylon
GO201_26_173,Babylon Branch,Penn Station
GO201_26_174,Babylon Branch,Babylon
GO201_26_175,Babylon Branch,Penn Station
GO201_26_176,Babylon Branch,Babylon
GO201_26_177,Babylon Branch,Penn Station
GO201_26_178,Babylon Branch,Babylon
GO201_26_179,Babylon Branch,Penn Station
GO201_26_180,Babylon Branch,Babylon
GO201_26_181,Babylon Branch,Penn Station
GO201_26_182,Babylon Branch,Babylon
GO201_26_183,Babylon Branch,Penn Station
GO201_26_184,Babylon Branch,Babylon
GO201_26_185,Babylon Branch,Penn Station
GO201_26_186,Babylon Branch,Babylon
GO201_26_187,Babylon Branch,Penn Station
GO201_26_188,Babylon Branch,Babylon
GO201_26_189,Babylon Branch,Penn Station
GO201_26_189_1,Babylon Branch,Penn Station
GO201_26_190,Babylon Branch,Babylon
GO201_26_191,Babylon Branch,Penn Station
GO201_26_192,Babylon Branch,Babylon
GO201_26_193,Babylon Branch,Penn Station
GO201_26_193_1,Babylon Branch,Penn Station
GO201_26_194,Babylon Branch,Babylon
GO201_26_194_1,Babylon Branch,Babylon
GO201_26_195,Babylon Branch,Penn Station
GO201_26_196,Babylon Branch,Babylon
GO201_26_196_1,Babylon Branch,Babylon
GO201_26_197,Babylon Branch,Penn Station
GO201_26_197_1,Babylon Branch,Penn Station
GO201_26_198,Babylon Branch,Babylon
GO201_26_198_1,Babylon Branch,Babylon
GO201_26_202,Babylon Branch,Babylon
GO201_26_202_1,Babylon Branch,Babylon
GO201_26_215,Babylon Branch,Atlantic Terminal
GO201_26_217,Babylon Branch,Grand Central
GO201_26_220,Babylon Branch,Babylon
GO201_26_221,Babylon Branch,Grand Central
GO201_26_222,Babylon Branch,Babylon
GO201_26_223,Babylon Branch,Grand Central
GO201_26_224,Babylon Branch,Babylon
GO201_26_227,Babylon Branch,Grand Central
GO201_26_229,Babylon Branch,Grand Central
GO201_26_231,Babylon Branch,Grand Central
GO201_26_233,Babylon Branch,Grand Central
GO201_26_241,Babylon Branch,Grand Central
GO201_26_257,Babylon Branch,Grand Central
GO201_26_258,Babylon Branch,Babylon
GO201_26_261,Babylon Branch,Grand Central
GO201_26_262,Babylon Branch,Babylon
GO201_26_263,Babylon Branch,Grand Central
GO201_26_265,Babylon Branch,Grand Central
GO201_26_266,Babylon Branch,Babylon
GO201_26_267,Babylon Branch,Grand Central
GO201_26_268,Babylon Branch,Babylon
GO201_26_270,Babylon Branch,Babylon
GO201_26_271,Babylon Branch,Grand Central
GO201_26_271_1,Babylon Branch,Grand Central
GO201_26_272,Babylon Branch,Babylon
GO201_26_273,Babylon Branch,Grand Central
GO201_26_273_1,Babylon Branch,Grand Central
GO201_26_274,Babylon Branch,Babylon
GO201_26_275,Babylon Branch,Grand Central
GO201_26_276,Babylon Branch,Babylon
GO201_26_284,Babylon Branch,Freeport
GO201_26_286,Babylon Branch,Babylon
GO201_26_288,Babylon Branch,Babylon
GO201_26_290,Babylon Branch,Babylon
GO201_26_290_1,Babylon Branch,Babylon
GO201_26_292,Babylon Branch,Babylon
GO201_26_298,Babylon Branch,Babylon
GO201_26_502,Oyster Bay Branch,Oyster Bay
GO201_26_503,Oyster Bay Branch,Jamaica
GO201_26_505,Oyster Bay Branch,Penn Station
GO201_26_507,Oyster Bay Branch,Jamaica
GO201_26_508,Oyster Bay Branch,Oyster Bay
GO201_26_509,Oyster Bay Branch,Hunterspoint Avenue
GO201_26_510,Oyster Bay Branch,Oyster Bay
GO201_26_512,Oyster Bay Branch,Oyster Bay
GO201_26_513,Oyster Bay Branch,Penn Station
GO201_26_515,Oyster Bay Branch,Long Island City
GO201_26_516,Oyster Bay Branch,Oyster Bay
GO201_26_519,Oyster Bay Branch,Jamaica
GO201_26_521,Oyster Bay Branch,Jamaica
GO201_26_550,Oyster Bay Branch,Oyster Bay
GO201_26_552,Oyster Bay Branch,Oyster Bay
GO201_26_555,Oyster Bay Branch,Jamaica
GO201_26_556,Oyster Bay Branch,Oyster Bay
GO201_26_557,Oyster Bay Branch,Jamaica
GO201_26_558,Oyster Bay Branch,Oyster Bay
GO201_26_559,Oyster Bay Branch,Jamaica
GO201_26_560,Oyster Bay Branch,Oyster Bay
GO201_26_562,Oyster Bay Branch,Oyster Bay
GO201_26_563,Oyster Bay Branch,Jamaica
GO201_26_565,Oyster Bay Branch,Jamaica
GO201_26_566,Oyster Bay Branch,Oyster Bay
GO201_26_567,Oyster Bay Branch,Jamaica
GO201_26_568,Oyster Bay Branch,Oyster Bay
GO201_26_569,Oyster Bay Branch,Jamaica
GO201_26_570,Oyster Bay Branch,Oyster Bay
GO201_26_571,Oyster Bay Branch,Jamaica
GO201_26_574,Oyster Bay Branch,Oyster Bay
GO201_26_575,Oyster Bay Branch,Jamaica
GO201_26_576,Oyster Bay Branch,Oyster Bay
GO201_26_578,Oyster Bay Branch,Oyster Bay
GO201_26_593,Oyster Bay Branch,Jamaica
GO201_26_600,Port Jefferson Branch,Port Jefferson
GO201_26_604,Port Jefferson Branch,Port Jefferson
GO201_26_606,Port Jefferson Branch,Port Jefferson
GO201_26_607,Port Jefferson Branch,Huntington
GO201_26_608,Port Jefferson Branch,Port Jefferson
GO201_26_609,Port Jefferson Branch,Long Island City
GO201_26_610,Port Jefferson Branch,Port Jefferson
GO201_26_611,Port Jefferson Branch,Long Island City
GO201_26_613,Port Jefferson Branch,Penn Station
GO201_26_614,Port Jefferson Branch,Port Jefferson
GO201_26_615,Port Jefferson Branch,Hunterspoint Avenue
GO201_26_617,Port Jefferson Branch,Long Island City
GO201_26_619,Port Jefferson Branch,Penn Station
GO201_26_621,Port Jefferson Branch,Hunterspoint Avenue
GO201_26_623,Port Jefferson Branch,Huntington
GO201_26_625,Port Jefferson Branch,Hicksville
GO201_26_627,Port Jefferson Branch,Jamaica
GO201_26_629,Port Jefferson Branch,Huntington
GO201_26_650,Port Jefferson Branch,Port Jefferson
GO201_26_652,Port Jefferson Branch,Port Jefferson
GO201_26_653,Port Jefferson Branch,Huntington
GO201_26_654,Port Jefferson Branch,Port Jefferson
GO201_26_655,Port Jefferson Branch,Huntington
GO201_26_656,Port Jefferson Branch,Port Jefferson
GO201_26_657,Port Jefferson Branch,Jamaica
GO201_26_658,Port Jefferson Branch,Port Jefferson
GO201_26_659,Port Jefferson Branch,Jamaica
GO201_26_660,Port Jefferson Branch,Port Jefferson
GO201_26_661,Port Jefferson Branch,Huntington
GO201_26_662,Port Jefferson Branch,Port Jefferson
GO201_26_663,Port Jefferson Branch,Huntington
GO201_26_664,Port Jefferson Branch,Port Jefferson
GO201_26_665,Port Jefferson Branch,Huntington
GO201_26_667,Port Jefferson Branch,Huntington
GO201_26_668,Port Jefferson Branch,Port Jefferson
GO201_26_670,Port Jefferson Branch,Port Jefferson
GO201_26_672,Port Jefferson Branch,Port Jefferson
GO201_26_674,Port Jefferson Branch,Port Jefferson
GO201_26_676,Port Jefferson Branch,Port Jefferson
GO201_26_698,Port Jefferson Branch,Port Jefferson
GO201_26_701,Hempstead Branch,Grand Central
GO201_26_701_1,Hempstead Branch,Floral Park
GO201_26_702,Hempstead Branch,Hempstead
GO201_26_702_1,Hempstead Branch,Hempstead
GO201_26_702_2,Hempstead Branch,Hempstead
GO201_26_703,Hempstead Branch,Penn Station
GO201_26_703_1,Hempstead Branch,Floral Park
GO201_26_704,Hempstead Branch,Hempstead
GO201_26_704_1,Hempstead Branch,Hempstead
GO201_26_704_2,Hempstead Branch,Hempstead
GO201_26_705,Hempstead Branch,Penn Station
GO201_26_705_1,Hempstead Branch,Floral Park
GO201_26_706,Hempstead Branch,Hempstead
GO201_26_706_1,Hempstead Branch,Hempstead
GO201_26_706_2,Hempstead Branch,Hempstead
GO201_26_707,Hempstead Branch,Penn Station
GO201_26_709,Hempstead Branch,Grand Central
GO201_26_710,Hempstead Branch,Hempstead
GO201_26_711,Hempstead Branch,Penn Station
GO201_26_712,Hempstead Branch,Hempstead
GO201_26_713,Hempstead Branch,Penn Station
GO201_26_714,Hempstead Branch,Hempstead
GO201_26_716,Hempstead Branch,Hempstead
GO201_26_717,Hempstead Branch,Grand Central
GO201_26_718,Hempstead Branch,Hempstead
GO201_26_719,Hempstead Branch,Grand Central
GO201_26_721,Hempstead Branch,Atlantic Terminal
GO201_26_722,Hempstead Branch,Hempstead
GO201_26_723,Hempstead Branch,Penn Station
GO201_26_724,Hempstead Branch,Hempstead
GO201_26_725,Hempstead Branch,Grand Central
GO201_26_727,Hempstead Branch,Atlantic Terminal
GO201_26_729,Hempstead Branch,Grand Central
GO201_26_731,Hempstead Branch,Penn Station
GO201_26_737,Hempstead Branch,Grand Central
GO201_26_739,Hempstead Branch,Grand Central
GO201_26_750,Hempstead Branch,Hempstead
GO201_26_751,Hempstead Branch,Grand Central
GO201_26_752,Hempstead Branch,Hempstead
GO201_26_753,Hempstead Branch,Grand Central
GO201_26_754,Hempstead Branch,Hempstead
GO201_26_755,Hempstead Branch,Grand Central
GO201_26_756,Hempstead Branch,Hempstead
GO201_26_757,Hempstead Branch,Grand Central
GO201_26_758,Hempstead Branch,Hempstead
GO201_26_760,Hempstead Branch,Hempstead
GO201_26_761,Hempstead Branch,Penn Station
GO201_26_762,Hempstead Branch,Hempstead
GO201_26_763,Hempstead Branch,Grand Central
GO201_26_766,Hempstead Branch,Hempstead
GO201_26_767,Hempstead Branch,Grand Central
GO201_26_768,Hempstead Branch,Hempstead
GO201_26_769,Hempstead Branch,Grand Central
GO201_26_770,Hempstead Branch,Hempstead
GO201_26_771,Hempstead Branch,Grand Central
GO201_26_772,Hempstead Branch,Hempstead
GO201_26_773,Hempstead Branch,Grand Central
GO201_26_774,Hempstead Branch,Hempstead
GO201_26_774_1,Hempstead Branch,Hempstead
GO201_26_775,Hempstead Branch,Grand Central
GO201_26_778,Hempstead Branch,Hempstead
GO201_26_780,Hempstead Branch,Hempstead
GO201_26_782,Hempstead Branch,Hempstead
GO201_26_784,Hempstead Branch,Hempstead
GO201_26_786,Hempstead Branch,Hempstead
GO201_26_786_1,Hempstead Branch,Hempstead
GO201_26_788,Hempstead Branch,Hempstead
GO201_26_788_1,Hempstead Branch,Hempstead
GO201_26_799,Hempstead Branch,Grand Central
GO201_26_801,Long Beach Branch,Penn Station
GO201_26_801_1,Long Beach Branch,Penn Station
GO201_26_802,Long Beach Branch,Long Beach
GO201_26_804,Long Beach Branch,Long Beach
GO201_26_806,Long Beach Branch,Long Beach
GO201_26_807,Long Beach Branch,Penn Station
GO201_26_809,Long Beach Branch,Grand Central
GO201_26_810,Long Beach Branch,Long Beach
GO201_26_811,Long Beach Branch,Grand Central
GO201_26_812,Long Beach Branch,Long Beach
GO201_26_813,Long Beach Branch,Penn Station
GO201_26_814,Long Beach Branch,Long Beach
GO201_26_815,Long Beach Branch,Atlantic Terminal
GO201_26_816,Long Beach Branch,Long Beach
GO201_26_817,Long Beach Branch,Penn Station
GO201_26_819,Long Beach Branch,Grand Central
GO201_26_820,Long Beach Branch,Long Beach
GO201_26_821,Long Beach Branch,Penn Station
GO201_26_822,Long Beach Branch,Long Beach
GO201_26_823,Long Beach Branch,Grand Central
GO201_26_824,Long Beach Branch,Long Beach
GO201_26_827,Long Beach Branch,Grand Central
GO201_26_829,Long Beach Branch,Penn Station
GO201_26_831,Long Beach Branch,Penn Station
GO201_26_833,Long Beach Branch,Grand Central
GO201_26_835,Long Beach Branch,Penn Station
GO201_26_837,Long Beach Branch,Penn Station
GO201_26_839,Long Beach Branch,Penn Station
GO201_26_852,Long Beach Branch,Long Beach
GO201_26_853,Long Beach Branch,Penn Station
GO201_26_854,Long Beach Branch,Long Beach
GO201_26_855,Long Beach Branch,Penn Station
GO201_26_856,Long Beach Branch,Long Beach
GO201_26_857,Long Beach Branch,Penn Station
GO201_26_858,Long Beach Branch,Long Beach
GO201_26_859,Long Beach Branch,Penn Station
GO201_26_860,Long Beach Branch,Long Beach
GO201_26_861,Long Beach Branch,Penn Station
GO201_26_862,Long Beach Branch,Long Beach
GO201_26_863,Long Beach Branch,Grand Central
GO201_26_863_1,Long Beach Branch,Grand Central
GO201_26_864,Long Beach Branch,Long Beach
GO201_26_865,Long Beach Branch,Penn Station
GO201_26_865_1,Long Beach Branch,Penn Station
GO201_26_866,Long Beach Branch,Long Beach
GO201_26_867,Long Beach Branch,Penn Station
GO201_26_868,Long Beach Branch,Long Beach
GO201_26_869,Long Beach Branch,Penn Station
GO201_26_870,Long Beach Branch,Long Beach
GO201_26_873,Long Beach Branch,Penn Station
GO201_26_874,Long Beach Branch,Long Beach
GO201_26_875,Long Beach Branch,Penn Station
GO201_26_876,Long Beach Branch,Long Beach
GO201_26_877,Long Beach Branch,Penn Station
GO201_26_878,Long Beach Branch,Long Beach
GO201_26_879,Long Beach Branch,Penn Station
GO201_26_879_1,Long Beach Branch,Penn Station
GO201_26_880,Long Beach Branch,Long Beach
GO201_26_882,Long Beach Branch,Long Beach
GO201_26_886,Long Beach Branch,Long Beach
GO201_26_888,Long Beach Branch,Long Beach
GO201_26_888_1,Long Beach Branch,Long Beach
GO201_26_890,Long Beach Branch,Long Beach
GO201_26_892,Long Beach Branch,Long Beach
GO201_26_892_1,Long Beach Branch,Long Beach
GO201_26_899,Long Beach Branch,Atlantic Terminal
GO201_26_903,Greenport Service,Ronkonkoma
GO201_26_904,Greenport Service,Greenport
GO201_26_905,Greenport Service,Ronkonkoma
GO201_26_906,Greenport Service,Greenport
GO201_26_951,Greenport Service,Ronkonkoma
GO201_26_952,Greenport Service,Riverhead
GO201_26_953,Greenport Service,Ronkonkoma
GO201_26_954,Greenport Service,Greenport
GO201_26_956,Greenport Service,Greenport
GO201_26_957,Greenport Service,Ronkonkoma
GO201_26_1013,Ronkonkoma Branch,Penn Station
GO201_26_1017,Ronkonkoma Branch,Penn Station
GO201_26_1019,Ronkonkoma Branch,Penn Station
GO201_26_1031,Ronkonkoma Branch,Penn Station
GO201_26_1056,Ronkonkoma Branch,Ronkonkoma
GO201_26_1060,Ronkonkoma Branch,Ronkonkoma
GO201_26_1062,Ronkonkoma Branch,Ronkonkoma
GO201_26_1064,Ronkonkoma Branch,Ronkonkoma
GO201_26_1068,Ronkonkoma Branch,Ronkonkoma
GO201_26_1072,Ronkonkoma Branch,Ronkonkoma
GO201_26_1117,Babylon Branch,Penn Station
GO201_26_1120,Babylon Branch,Massapequa
GO201_26_1120_1,Babylon Branch,Massapequa
GO201_26_1121,Babylon Branch,Penn Station
GO201_26_1123,Babylon Branch,Penn Station
GO201_26_1124,Babylon Branch,Massapequa
GO201_26_1125,Babylon Branch,Penn Station
GO201_26_1127,Babylon Branch,Penn Station
GO201_26_1129,Babylon Branch,Penn Station
GO201_26_1133,Babylon Branch,Penn Station
GO201_26_1150,Babylon Branch,Massapequa
GO201_26_1154,Babylon Branch,Wantagh
GO201_26_1161,Babylon Branch,Penn Station
GO201_26_1162,Babylon Branch,Wantagh
GO201_26_1166,Babylon Branch,Wantagh
GO201_26_1172,Babylon Branch,Wantagh
GO201_26_1178,Babylon Branch,Wantagh
GO201_26_1223,Babylon Branch,Grand Central
GO201_26_1225,Babylon Branch,Grand Central
GO201_26_1233,Babylon Branch,Grand Central
GO201_26_1235,Babylon Branch,Grand Central
GO201_26_1252,Babylon Branch,Wantagh
GO201_26_1258,Babylon Branch,Wantagh
GO201_26_1264,Babylon Branch,Seaford
GO201_26_1290,Babylon Branch,Massapequa
GO201_26_1291,Babylon Branch,Grand Central
GO201_26_1292,Babylon Branch,Massapequa
GO201_26_1293,Babylon Branch,Grand Central
GO201_26_1294,Babylon Branch,Massapequa
GO201_26_1295,Babylon Branch,Grand Central
GO201_26_1296,Babylon Branch,Massapequa
GO201_26_1297,Babylon Branch,Grand Central
GO201_26_1298,Babylon Branch,Massapequa
GO201_26_1299,Babylon Branch,Grand Central
GO201_26_1500,Port Jefferson Branch,Huntington
GO201_26_1500_1,Port Jefferson Branch,Huntington
GO201_26_1500_2,Port Jefferson Branch,Huntington
GO201_26_1501,Port Jefferson Branch,Penn Station
GO201_26_1501_1,Port Jefferson Branch,Penn Station
GO201_26_1502,Port Jefferson Branch,Huntington
GO201_26_1503,Port Jefferson Branch,Penn Station
GO201_26_1503_1,Port Jefferson Branch,Penn Station
GO201_26_1504,Port Jefferson Branch,Huntington
GO201_26_1505,Port Jefferson Branch,Penn Station
GO201_26_1505_1,Port Jefferson Branch,Penn Station
GO201_26_1507,Port Jefferson Branch,Penn Station
GO201_26_1509,Port Jefferson Branch,Penn Station
GO201_26_1510,Port Jefferson Branch,Huntington
GO201_26_1511,Port Jefferson Branch,Penn Station
GO201_26_1512,Port Jefferson Branch,Huntington
GO201_26_1513,Port Jefferson Branch,Penn Station
GO201_26_1514,Port Jefferson Branch,Huntington
GO201_26_1515,Port Jefferson Branch,Penn Station
GO201_26_1516,Port Jefferson Branch,Huntington
GO201_26_1517,Port Jefferson Branch,Penn Station
GO201_26_1518,Port Jefferson Branch,Huntington
GO201_26_1520,Port Jefferson Branch,Huntington
GO201_26_1521,Port Jefferson Branch,Penn Station
GO201_26_1522,Port Jefferson Branch,Huntington
GO201_26_1523,Port Jefferson Branch,Penn Station
GO201_26_1524,Port Jefferson Branch,Huntington
GO201_26_1525,Port Jefferson Branch,Penn Station
GO201_26_1526,Port Jefferson Branch,Huntington
GO201_26_1527,Port Jefferson Branch,Penn Station
GO201_26_1529,Port Jefferson Branch,Penn Station
GO201_26_1531,Port Jefferson Branch,Penn Station
GO201_26_1533,Port Jefferson Branch,Penn Station
GO201_26_1535,Port Jefferson Branch,Penn Station
GO201_26_1550,Port Jefferson Branch,Huntington
GO201_26_1551,Port Jefferson Branch,Penn Station
GO201_26_1552,Port Jefferson Branch,Huntington
GO201_26_1553,Port Jefferson Branch,Penn Station
GO201_26_1554,Port Jefferson Branch,Huntington
GO201_26_1555,Port Jefferson Branch,Penn Station
GO201_26_1556,Port Jefferson Branch,Huntington
GO201_26_1557,Port Jefferson Branch,Penn Station
GO201_26_1558,Port Jefferson Branch,Huntington
GO201_26_1559,Port Jefferson Branch,Penn Station
GO201_26_1559_1,Port Jefferson Branch,Penn Station
GO201_26_1560,Port Jefferson Branch,Huntington
GO201_26_1561,Port Jefferson Branch,Penn Station
GO201_26_1562,Port Jefferson Branch,Huntington
GO201_26_1563,Port Jefferson Branch,Penn Station
GO201_26_1564,Port Jefferson Branch,Huntington
GO201_26_1566,Port Jefferson Branch,Huntington
GO201_26_1568,Port Jefferson Branch,Huntington
GO201_26_1570,Port Jefferson Branch,Huntington
GO201_26_1571,Port Jefferson Branch,Penn Station
GO201_26_1572,Port Jefferson Branch,Huntington
GO201_26_1573,Port Jefferson Branch,Penn Station
GO201_26_1574,Port Jefferson Branch,Huntington
GO201_26_1575,Port Jefferson Branch,Penn Station
GO201_26_1576,Port Jefferson Branch,Huntington
GO201_26_1577,Port Jefferson Branch,Penn Station
GO201_26_1579,Port Jefferson Branch,Penn Station
GO201_26_1580,Port Jefferson Branch,Huntington
GO201_26_1581,Port Jefferson Branch,Penn Station
GO201_26_1582,Port Jefferson Branch,Huntington
GO201_26_1582_1,Port Jefferson Branch,Huntington
GO201_26_1583,Port Jefferson Branch,Penn Station
GO201_26_1584,Port Jefferson Branch,Huntington
GO201_26_1585,Port Jefferson Branch,Penn Station
GO201_26_1585_2,Port Jefferson Branch,Penn Station
GO201_26_1586,Port Jefferson Branch,Huntington
GO201_26_1587,Port Jefferson Branch,Penn Station
GO201_26_1588,Port Jefferson Branch,Huntington
GO201_26_1588_1,Port Jefferson Branch,Huntington
GO201_26_1588_2,Port Jefferson Branch,Huntington
GO201_26_1589,Port Jefferson Branch,Penn Station
GO201_26_1590,Port Jefferson Branch,Huntington
GO201_26_1590_1,Port Jefferson Branch,Huntington
GO201_26_1591,Port Jefferson Branch,Penn Station
GO201_26_1592,Port Jefferson Branch,Huntington
GO201_26_1592_1,Port Jefferson Branch,Huntington
GO201_26_1593,Port Jefferson Branch,Penn Station
GO201_26_1594,Port Jefferson Branch,Huntington
GO201_26_1604,Port Jefferson Branch,Huntington
GO201_26_1607,Port Jefferson Branch,Atlantic Terminal
GO201_26_1608,Port Jefferson Branch,Huntington
GO201_26_1609,Port Jefferson Branch,Grand Central
GO201_26_1610,Port Jefferson Branch,Huntington
GO201_26_1611,Port Jefferson Branch,Grand Central
GO201_26_1612,Port Jefferson Branch,Huntington
GO201_26_1613,Port Jefferson Branch,Grand Central
GO201_26_1614,Port Jefferson Branch,Huntington
GO201_26_1617,Port Jefferson Branch,Grand Central
GO201_26_1619,Port Jefferson Branch,Grand Central
GO201_26_1623,Port Jefferson Branch,Grand Central
GO201_26_1625,Port Jefferson Branch,Grand Central
GO201_26_1653,Port Jefferson Branch,Grand Central
GO201_26_1655,Port Jefferson Branch,Grand Central
GO201_26_1656,Port Jefferson Branch,Huntington
GO201_26_1657,Port Jefferson Branch,Grand Central
GO201_26_1658,Port Jefferson Branch,Huntington
GO201_26_1660,Port Jefferson Branch,Huntington
GO201_26_1660_1,Port Jefferson Branch,Huntington
GO201_26_1661,Port Jefferson Branch,Grand Central
GO201_26_1662,Port Jefferson Branch,Huntington
GO201_26_1663,Port Jefferson Branch,Grand Central
GO201_26_1663_1,Port Jefferson Branch,Grand Central
GO201_26_1664,Port Jefferson Branch,Huntington
GO201_26_1666,Port Jefferson Branch,Huntington
GO201_26_1668,Port Jefferson Branch,Huntington
GO201_26_1670,Port Jefferson Branch,Huntington
GO201_26_1702,West Hempstead Branch,West Hempstead
GO201_26_1705,West Hempstead Branch,Jamaica
GO201_26_1706,West Hempstead Branch,West Hempstead
GO201_26_1707,West Hempstead Branch,Grand Central
GO201_26_1709,West Hempstead Branch,Grand Central
GO201_26_1710,West Hempstead Branch,West Hempstead
GO201_26_1711,West Hempstead Branch,Grand Central
GO201_26_1712,West Hempstead Branch,West Hempstead
GO201_26_1714,West Hempstead Branch,West Hempstead
GO201_26_1715,West Hempstead Branch,Penn Station
GO201_26_1716,West Hempstead Branch,West Hempstead
GO201_26_1717,West Hempstead Branch,Grand Central
GO201_26_1718,West Hempstead Branch,West Hempstead
GO201_26_1719,West Hempstead Branch,Grand Central
GO201_26_1721,West Hempstead Branch,Grand Central
GO201_26_1750,West Hempstead Branch,West Hempstead
GO201_26_1752,West Hempstead Branch,West Hempstead
GO201_26_1753,West Hempstead Branch,Grand Central
GO201_26_1754,West Hempstead Branch,West Hempstead
GO201_26_1755,West Hempstead Branch,Atlantic Terminal
GO201_26_1756,West Hempstead Branch,West Hempstead
GO201_26_1757,West Hempstead Branch,Atlantic Terminal
GO201_26_1758,West Hempstead Branch,West Hempstead
GO201_26_1759,West Hempstead Branch,Atlantic Terminal
GO201_26_1760,West Hempstead Branch,West Hempstead
GO201_26_1761,West Hempstead Branch,Atlantic Terminal
GO201_26_1762,West Hempstead Branch,West Hempstead
GO201_26_1763,City Terminal Zone,Atlantic Terminal
GO201_26_1764,West Hempstead Branch,West Hempstead
GO201_26_1766,West Hempstead Branch,West Hempstead
GO201_26_1767,West Hempstead Branch,Grand Central
GO201_26_1768,West Hempstead Branch,West Hempstead
GO201_26_1769,West Hempstead Branch,Jamaica
GO201_26_1770,West Hempstead Branch,West Hempstead
GO201_26_1771,West Hempstead Branch,Jamaica
GO201_26_1772,West Hempstead Branch,West Hempstead
GO201_26_1773,West Hempstead Branch,Jamaica
GO201_26_1774,West Hempstead Branch,West Hempstead
GO201_26_1774_1,West Hempstead Branch,West Hempstead
GO201_26_1775,West Hempstead Branch,Jamaica
GO201_26_1900,Ronkonkoma Branch,Ronkonkoma
GO201_26_1900_1,Ronkonkoma Branch,Ronkonkoma
GO201_26_1900_2,Ronkonkoma Branch,Ronkonkoma
GO201_26_1901,Ronkonkoma Branch,Penn Station
GO201_26_1901_1,Ronkonkoma Branch,Penn Station
GO201_26_1902,Ronkonkoma Branch,Ronkonkoma
GO201_26_1902_1,Ronkonkoma Branch,Ronkonkoma
GO201_26_1902_2,Ronkonkoma Branch,Ronkonkoma
GO201_26_1903,Ronkonkoma Branch,Penn Station
GO201_26_1904,Ronkonkoma Branch,Ronkonkoma
GO201_26_1904_1,Ronkonkoma Branch,Ronkonkoma
GO201_26_1904_2,Ronkonkoma Branch,Ronkonkoma
GO201_26_1905,Ronkonkoma Branch,Penn Station
GO201_26_1906,Ronkonkoma Branch,Ronkonkoma
GO201_26_1906_1,Ronkonkoma Branch,Ronkonkoma
GO201_26_1906_2,Ronkonkoma Branch,Ronkonkoma
GO201_26_1906_4,Ronkonkoma Branch,Ronkonkoma
GO201_26_1908,Ronkonkoma Branch,Ronkonkoma
GO201_26_1908_1,Ronkonkoma Branch,Ronkonkoma
GO201_26_1909,Ronkonkoma Branch,Penn Station
GO201_26_1910,Ronkonkoma Branch,Ronkonkoma
GO201_26_1911,Ronkonkoma Branch,Penn Station
GO201_26_1912,Ronkonkoma Branch,Ronkonkoma
GO201_26_1914,Ronkonkoma Branch,Ronkonkoma
GO201_26_1915,Ronkonkoma Branch,Penn Station
GO201_26_1916,Ronkonkoma Branch,Ronkonkoma
GO201_26_1917,Ronkonkoma Branch,Penn Station
GO201_26_1918,Ronkonkoma Branch,Ronkonkoma
GO201_26_1919,Ronkonkoma Branch,Penn Station
GO201_26_1920,Ronkonkoma Branch,Ronkonkoma
GO201_26_1921,Ronkonkoma Branch,Penn Station
GO201_26_1922,Ronkonkoma Branch,Ronkonkoma
GO201_26_1923,Ronkonkoma Branch,Penn Station
GO201_26_1924,Ronkonkoma Branch,Ronkonkoma
GO201_26_1925,Ronkonkoma Branch,Penn Station
GO201_26_1926,Ronkonkoma Branch,Ronkonkoma
GO201_26_1927,Ronkonkoma Branch,Penn Station
GO201_26_1929,Ronkonkoma Branch,Penn Station
GO201_26_1931,Ronkonkoma Branch,Penn Station
GO201_26_1933,Ronkonkoma Branch,Penn Station
GO201_26_1935,Ronkonkoma Branch,Penn Station
GO201_26_1937,Ronkonkoma Branch,Penn Station
GO201_26_1946,Ronkonkoma Branch,Ronkonkoma
GO201_26_1950,Ronkonkoma Branch,Ronkonkoma
GO201_26_1951,Ronkonkoma Branch,Penn Station
GO201_26_1952,Ronkonkoma Branch,Ronkonkoma
GO201_26_1953,Ronkonkoma Branch,Penn Station
GO201_26_1954,Ronkonkoma Branch,Ronkonkoma
GO201_26_1955,Ronkonkoma Branch,Penn Station
GO201_26_1956,Ronkonkoma Branch,Ronkonkoma
GO201_26_1957,Ronkonkoma Branch,Penn Station
GO201_26_1958,Ronkonkoma Branch,Ronkonkoma
GO201_26_1959,Ronkonkoma Branch,Penn Station
GO201_26_1960,Ronkonkoma Branch,Ronkonkoma
GO201_26_1961,Ronkonkoma Branch,Penn Station
GO201_26_1961_1,Ronkonkoma Branch,Penn Station
GO201_26_1962,Ronkonkoma Branch,Ronkonkoma
GO201_26_1963,Ronkonkoma Branch,Penn Station
GO201_26_1963_1,Ronkonkoma Branch,Penn Station
GO201_26_1964,Ronkonkoma Branch,Ronkonkoma
GO201_26_1965,Ronkonkoma Branch,Penn Station
GO201_26_1966,Ronkonkoma Branch,Ronkonkoma
GO201_26_1967,Ronkonkoma Branch,Penn Station
GO201_26_1968,Ronkonkoma Branch,Ronkonkoma
GO201_26_1970,Ronkonkoma Branch,Ronkonkoma
GO201_26_1971,Ronkonkoma Branch,Penn Station
GO201_26_1971_1,Ronkonkoma Branch,Penn Station
GO201_26_1972,Ronkonkoma Branch,Ronkonkoma
GO201_26_1974,Ronkonkoma Branch,Ronkonkoma
GO201_26_1975,Ronkonkoma Branch,Penn Station
GO201_26_1976,Ronkonkoma Branch,Ronkonkoma
GO201_26_1976_1,Ronkonkoma Branch,Ronkonkoma
GO201_26_1977,Ronkonkoma Branch,Penn Station
GO201_26_1977_1,Ronkonkoma Branch,Penn Station
GO201_26_1978,Ronkonkoma Branch,Ronkonkoma
GO201_26_1978_1,Ronkonkoma Branch,Ronkonkoma
GO201_26_1979,Ronkonkoma Branch,Penn Station
GO201_26_1979_1,Ronkonkoma Branch,Penn Station
GO201_26_1980,Ronkonkoma Branch,Ronkonkoma
GO201_26_1980_1,Ronkonkoma Branch,Ronkonkoma
GO201_26_1981,Ronkonkoma Branch,Penn Station
GO201_26_1981_1,Ronkonkoma Branch,Penn Station
GO201_26_1982,Ronkonkoma Branch,Ronkonkoma
GO201_26_1982_1,Ronkonkoma Branch,Ronkonkoma
GO201_26_1983,Ronkonkoma Branch,Penn Station
GO201_26_1983_2,Ronkonkoma Branch,Penn Station
GO201_26_1984,Ronkonkoma Branch,Ronkonkoma
GO201_26_1984_1,Ronkonkoma Branch,Ronkonkoma
GO201_26_1984_3,Ronkonkoma Branch,Ronkonkoma
GO201_26_1985,Ronkonkoma Branch,Penn Station
GO201_26_1985_2,Ronkonkoma Branch,Penn Station
GO201_26_1986,Ronkonkoma Branch,Ronkonkoma
GO201_26_1986_1,Ronkonkoma Branch,Ronkonkoma
GO201_26_1986_3,Ronkonkoma Branch,Ronkonkoma
GO201_26_1986_4,Ronkonkoma Branch,Ronkonkoma
GO201_26_1987,Ronkonkoma Branch,Penn Station
GO201_26_1988,Ronkonkoma Branch,Ronkonkoma
GO201_26_1988_1,Ronkonkoma Branch,Ronkonkoma
GO201_26_1988_2,Ronkonkoma Branch,Ronkonkoma
GO201_26_1989,Ronkonkoma Branch,Penn Station
GO201_26_1990,Ronkonkoma Branch,Ronkonkoma
GO201_26_1990_1,Ronkonkoma Branch,Ronkonkoma
GO201_26_1990_3,Ronkonkoma Branch,Ronkonkoma
GO201_26_1991,Ronkonkoma Branch,Penn Station
GO201_26_1991_1,Ronkonkoma Branch,Penn Station
GO201_26_1992,Ronkonkoma Branch,Ronkonkoma
GO201_26_1992_1,Ronkonkoma Branch,Ronkonkoma
GO201_26_1995,Ronkonkoma Branch,Penn Station
GO201_26_2009,Ronkonkoma Branch,Grand Central
GO201_26_2010,Ronkonkoma Branch,Ronkonkoma
GO201_26_2011,Ronkonkoma Branch,Atlantic Terminal
GO201_26_2012,Ronkonkoma Branch,Ronkonkoma
GO201_26_2014,Ronkonkoma Branch,Ronkonkoma
GO201_26_2015,Ronkonkoma Branch,Grand Central
GO201_26_2016,Ronkonkoma Branch,Ronkonkoma
GO201_26_2017,Ronkonkoma Branch,Grand Central
GO201_26_2019,Ronkonkoma Branch,Grand Central
GO201_26_2021,Ronkonkoma Branch,Grand Central
GO201_26_2055,Ronkonkoma Branch,Grand Central
GO201_26_2057,Ronkonkoma Branch,Grand Central
GO201_26_2057_1,Ronkonkoma Branch,Grand Central
GO201_26_2060,Ronkonkoma Branch,Ronkonkoma
GO201_26_2060_1,Ronkonkoma Branch,Ronkonkoma
GO201_26_2063,Ronkonkoma Branch,Grand Central
GO201_26_2063_1,Ronkonkoma Branch,Grand Central
GO201_26_2064,Ronkonkoma Branch,Ronkonkoma
GO201_26_2065,Ronkonkoma Branch,Grand Central
GO201_26_2065_1,Ronkonkoma Branch,Grand Central
GO201_26_2066,Ronkonkoma Branch,Ronkonkoma
GO201_26_2068,Ronkonkoma Branch,Ronkonkoma
GO201_26_2070,Ronkonkoma Branch,Ronkonkoma
GO201_26_2076,Ronkonkoma Branch,Ronkonkoma
GO201_26_2103,Ronkonkoma Branch,Penn Station
GO201_26_2128,City Terminal Zone,Jamaica
GO201_26_2306,City Terminal Zone,Jamaica
GO201_26_2350,City Terminal Zone,Jamaica
GO201_26_2360,City Terminal Zone,Jamaica
GO201_26_2390,City Terminal Zone,Jamaica
GO201_26_2401,City Terminal Zone,Grand Central
GO201_26_2401_1,City Terminal Zone,Grand Central
GO201_26_2402,City Terminal Zone,Jamaica
GO201_26_2403,City Terminal Zone,Grand Central
GO201_26_2406,City Terminal Zone,Jamaica
GO201_26_2442,City Terminal Zone,Jamaica
GO201_26_2501,Port Jefferson Branch,Penn Station
GO201_26_2503,Port Jefferson Branch,Penn Station
GO201_26_2601,Port Jefferson Branch,Atlantic Terminal
GO201_26_2699,Port Jefferson Branch,Grand Central
GO201_26_2701,Far Rockaway Branch,Grand Central
GO201_26_2702,Far Rockaway Branch,Far Rockaway
GO201_26_2703,Far Rockaway Branch,Penn Station
GO201_26_2704,Far Rockaway Branch,Far Rockaway
GO201_26_2705,Far Rockaway Branch,Penn Station
GO201_26_2706,Far Rockaway Branch,Far Rockaway
GO201_26_2710,Far Rockaway Branch,Far Rockaway
GO201_26_2711,Far Rockaway Branch,Atlantic Terminal
GO201_26_2712,Far Rockaway Branch,Far Rockaway
GO201_26_2713,Far Rockaway Branch,Atlantic Terminal
GO201_26_2714,City Terminal Zone,Jamaica
GO201_26_2715,Far Rockaway Branch,Grand Central
GO201_26_2716,Far Rockaway Branch,Far Rockaway
GO201_26_2717,Far Rockaway Branch,Atlantic Terminal
GO201_26_2718,Far Rockaway Branch,Far Rockaway
GO201_26_2719,Far Rockaway Branch,Grand Central
GO201_26_2720,Far Rockaway Branch,Far Rockaway
GO201_26_2721,Far Rockaway Branch,Penn Station
GO201_26_2722,Far Rockaway Branch,Far Rockaway
GO201_26_2723,Far Rockaway Branch,Atlantic Terminal
GO201_26_2724,Far Rockaway Branch,Far Rockaway
GO201_26_2725,Far Rockaway Branch,Penn Station
GO201_26_2727,Far Rockaway Branch,Grand Central
GO201_26_2729,Far Rockaway Branch,Penn Station
GO201_26_2731,Far Rockaway Branch,Grand Central
GO201_26_2733,Far Rockaway Branch,Grand Central
GO201_26_2735,Far Rockaway Branch,Grand Central
GO201_26_2737,Far Rockaway Branch,Grand Central
GO201_26_2739,Far Rockaway Branch,Grand Central
GO201_26_2750,Far Rockaway Branch,Far Rockaway
GO201_26_2752,Far Rockaway Branch,Far Rockaway
GO201_26_2753,Far Rockaway Branch,Grand Central
GO201_26_2754,Far Rockaway Branch,Far Rockaway
GO201_26_2755,Far Rockaway Branch,Grand Central
GO201_26_2756,Far Rockaway Branch,Far Rockaway
GO201_26_2757,Far Rockaway Branch,Grand Central
GO201_26_2758,Far Rockaway Branch,Far Rockaway
GO201_26_2759,Far Rockaway Branch,Grand Central
GO201_26_2760,Far Rockaway Branch,Far Rockaway
GO201_26_2761,Far Rockaway Branch,Grand Central
GO201_26_2762,Far Rockaway Branch,Far Rockaway
GO201_26_2763,Far Rockaway Branch,Penn Station
GO201_26_2765,Far Rockaway Branch,Atlantic Terminal
GO201_26_2766,Far Rockaway Branch,Far Rockaway
GO201_26_2767,Far Rockaway Branch,Grand Central
GO201_26_2768,Far Rockaway Branch,Far Rockaway
GO201_26_2769,Far Rockaway Branch,Grand Central
GO201_26_2770,Far Rockaway Branch,Far Rockaway
GO201_26_2771,Far Rockaway Branch,Grand Central
GO201_26_2772,Far Rockaway Branch,Far Rockaway
GO201_26_2773,Far Rockaway Branch,Grand Central
GO201_26_2774,Far Rockaway Branch,Far Rockaway
GO201_26_2775,Far Rockaway Branch,Grand Central
GO201_26_2776,Far Rockaway Branch,Far Rockaway
GO201_26_2777,Far Rockaway Branch,Grand Central
GO201_26_2778,Far Rockaway Branch,Far Rockaway
GO201_26_2779,Far Rockaway Branch,Grand Central
GO201_26_2780,Far Rockaway Branch,Far Rockaway
GO201_26_2784,Far Rockaway Branch,Far Rockaway
GO201_26_2786,Far Rockaway Branch,Far Rockaway
GO201_26_2788,Far Rockaway Branch,Far Rockaway
GO201_26_2790,Far Rockaway Branch,Far Rockaway
GO201_26_2797,Far Rockaway Branch,Atlantic Terminal
GO201_26_2800,City Terminal Zone,Jamaica
GO201_26_2801,City Terminal Zone,Atlantic Terminal
GO201_26_2803,City Terminal Zone,Atlantic Terminal
GO201_26_2804,City Terminal Zone,Jamaica
GO201_26_2806,City Terminal Zone,Jamaica
GO201_26_2808,City Terminal Zone,Jamaica
GO201_26_2809,City Terminal Zone,Atlantic Terminal
GO201_26_2810,City Terminal Zone,Jamaica
GO201_26_2817,City Terminal Zone,Atlantic Terminal
GO201_26_2818,City Terminal Zone,Jamaica
GO201_26_2819,City Terminal Zone,Atlantic Terminal
GO201_26_2820,City Terminal Zone,Jamaica
GO201_26_2821,City Terminal Zone,Atlantic Terminal
GO201_26_2822,City Terminal Zone,Jamaica
GO201_26_2824,City Terminal Zone,Jamaica
GO201_26_2826,City Terminal Zone,Jamaica
GO201_26_2827,City Terminal Zone,Atlantic Terminal
GO201_26_2832,City Terminal Zone,Jamaica
GO201_26_2833,City Terminal Zone,Atlantic Terminal
GO201_26_2834,City Terminal Zone,Jamaica
GO201_26_2835,City Terminal Zone,Atlantic Terminal
GO201_26_2838,City Terminal Zone,Jamaica
GO201_26_2839,City Terminal Zone,Atlantic Terminal
GO201_26_2842,City Terminal Zone,Jamaica
GO201_26_2843,City Terminal Zone,Atlantic Terminal
GO201_26_2844,City Terminal Zone,Jamaica
GO201_26_2845,City Terminal Zone,Atlantic Terminal
GO201_26_2846,City Terminal Zone,Jamaica
GO201_26_2850,City Terminal Zone,Jamaica
GO201_26_2851,City Terminal Zone,Atlantic Terminal
GO201_26_2854,City Terminal Zone,Jamaica
GO201_26_2856,City Terminal Zone,Jamaica
GO201_26_2858,City Terminal Zone,Jamaica
GO201_26_2859,City Terminal Zone,Atlantic Terminal
GO201_26_2860,City Terminal Zone,Jamaica
GO201_26_2861,City Terminal Zone,Atlantic Terminal
GO201_26_2863,City Terminal Zone,Atlantic Terminal
GO201_26_2864,City Terminal Zone,Jamaica
GO201_26_2865,City Terminal Zone,Atlantic Terminal
GO201_26_2866,City Terminal Zone,Jamaica
GO201_26_2868,City Terminal Zone,Jamaica
GO201_26_2869,City Terminal Zone,Atlantic Terminal
GO201_26_2870,City Terminal Zone,Jamaica
GO201_26_2871,City Terminal Zone,Atlantic Terminal
GO201_26_2875,City Terminal Zone,Atlantic Terminal
GO201_26_2876,City Terminal Zone,Jamaica
GO201_26_2878,City Terminal Zone,Jamaica
GO201_26_2879,City Terminal Zone,Atlantic Terminal
GO201_26_2882,City Terminal Zone,Jamaica
GO201_26_2883,City Terminal Zone,Atlantic Terminal
GO201_26_2884,City Terminal Zone,Jamaica
GO201_26_2886,City Terminal Zone,Jamaica
GO201_26_2890,City Terminal Zone,Jamaica
GO201_26_2891,City Terminal Zone,Atlantic Terminal
GO201_26_2892,City Terminal Zone,Jamaica
GO201_26_2893,City Terminal Zone,Atlantic Terminal
GO201_26_2894,City Terminal Zone,Jamaica
GO201_26_2895,City Terminal Zone,Atlantic Terminal
GO201_26_2898,City Terminal Zone,Jamaica
GO201_26_2899,City Terminal Zone,Atlantic Terminal
GO201_26_2900,City Terminal Zone,Jamaica
GO201_26_2901,City Terminal Zone,Atlantic Terminal
GO201_26_2902,City Terminal Zone,Jamaica
GO201_26_2903,City Terminal Zone,Atlantic Terminal
GO201_26_2904,City Terminal Zone,Jamaica
GO201_26_2905,City Terminal Zone,Atlantic Terminal
GO201_26_2906,City Terminal Zone,Jamaica
GO201_26_2907,City Terminal Zone,Atlantic Terminal
GO201_26_2909,City Terminal Zone,Atlantic Terminal
GO201_26_2910,City Terminal Zone,Jamaica
GO201_26_2911,City Terminal Zone,Atlantic Terminal
GO201_26_2913,City Terminal Zone,Atlantic Terminal
GO201_26_2914,City Terminal Zone,Jamaica
GO201_26_2916,City Terminal Zone,Jamaica
GO201_26_2918,City Terminal Zone,Jamaica
GO201_26_2919,City Terminal Zone,Atlantic Terminal
GO201_26_2920,City Terminal Zone,Jamaica
GO201_26_2921,City Terminal Zone,Atlantic Terminal
GO201_26_2922,City Terminal Zone,Jamaica
GO201_26_2923,City Terminal Zone,Atlantic Terminal
GO201_26_2924,City Terminal Zone,Jamaica
GO201_26_2925,City Terminal Zone,Atlantic Terminal
GO201_26_2926,City Terminal Zone,Jamaica
GO201_26_2927,City Terminal Zone,Atlantic Terminal
GO201_26_2928,City Terminal Zone,Jamaica
GO201_26_2931,City Terminal Zone,Atlantic Terminal
GO201_26_2933,City Terminal Zone,Atlantic Terminal
GO201_26_2935,City Terminal Zone,Atlantic Terminal
GO201_26_2936,City Terminal Zone,Jamaica
GO201_26_2937,City Terminal Zone,Atlantic Terminal
GO201_26_2938,City Terminal Zone,Jamaica
GO201_26_2939,City Terminal Zone,Atlantic Terminal
GO201_26_2940,City Terminal Zone,Jamaica
GO201_26_2941,City Terminal Zone,Atlantic Terminal
GO201_26_2943,City Terminal Zone,Atlantic Terminal
GO201_26_2946,City Terminal Zone,Jamaica
GO201_26_2947,City Terminal Zone,Atlantic Terminal
GO201_26_2948,City Terminal Zone,Jamaica
GO201_26_2950,City Terminal Zone,Jamaica
GO201_26_2951,City Terminal Zone,Atlantic Terminal
GO201_26_2955,City Terminal Zone,Atlantic Terminal
GO201_26_2957,City Terminal Zone,Atlantic Terminal
GO201_26_2958,City Terminal Zone,Jamaica
GO201_26_2959,City Terminal Zone,Atlantic Terminal
GO201_26_2960,City Terminal Zone,Jamaica
GO201_26_2961,City Terminal Zone,Atlantic Terminal
GO201_26_2962,City Terminal Zone,Jamaica
GO201_26_2963,City Terminal Zone,Atlantic Terminal
GO201_26_2964,City Terminal Zone,Jamaica
GO201_26_2965,City Terminal Zone,Atlantic Terminal
GO201_26_2967,City Terminal Zone,Atlantic Terminal
GO201_26_2968,City Terminal Zone,Jamaica
GO201_26_2969,City Terminal Zone,Atlantic Terminal
GO201_26_2970,City Terminal Zone,Jamaica
GO201_26_2973,City Terminal Zone,Atlantic Terminal
GO201_26_2974,City Terminal Zone,Jamaica
GO201_26_2975,City Terminal Zone,Atlantic Terminal
GO201_26_2976,City Terminal Zone,Jamaica
GO201_26_2978,City Terminal Zone,Jamaica
GO201_26_2980,City Terminal Zone,Jamaica
GO201_26_2981,City Terminal Zone,Atlantic Terminal
GO201_26_2983,City Terminal Zone,Atlantic Terminal
GO201_26_2984,City Terminal Zone,Jamaica
GO201_26_2988,City Terminal Zone,Jamaica
GO201_26_2989,City Terminal Zone,Atlantic Terminal
GO201_26_2991,City Terminal Zone,Atlantic Terminal
GO201_26_2992,City Terminal Zone,Jamaica
GO201_26_2996,City Terminal Zone,Jamaica
GO201_26_6001,Montauk Branch,Jamaica
GO201_26_6001_3,Montauk Branch,Jamaica
GO201_26_6002,Montauk Branch,Montauk
GO201_26_6002_1,Montauk Branch,Montauk
GO201_26_6005,Montauk Branch,Jamaica
GO201_26_6005_1,Montauk Branch,Jamaica
GO201_26_6006,Montauk Branch,Montauk
GO201_26_6006_1,Montauk Branch,Montauk
GO201_26_6007,Montauk Branch,Jamaica
GO201_26_6008,Montauk Branch,Montauk
GO201_26_6008_1,Montauk Branch,Montauk
GO201_26_6009,Montauk Branch,Jamaica
GO201_26_6010,Montauk Branch,Montauk
GO201_26_6011,Montauk Branch,Jamaica
GO201_26_6011_1,Montauk Branch,Jamaica
GO201_26_6012,Montauk Branch,Montauk
GO201_26_6012_1,Montauk Branch,Montauk
GO201_26_6013,Montauk Branch,Penn Station
GO201_26_6014,Montauk Branch,Montauk
GO201_26_6014_1,Montauk Branch,Montauk
GO201_26_6015,Montauk Branch,Jamaica
GO201_26_6015_1,Montauk Branch,Jamaica
GO201_26_6017,Montauk Branch,Penn Station
GO201_26_6017_1,Montauk Branch,Penn Station
GO201_26_6019,Montauk Branch,Jamaica
GO201_26_6019_1,Montauk Branch,Jamaica
GO201_26_6031,Montauk Branch,Babylon
GO201_26_6032,Montauk Branch,Speonk
GO201_26_6033,Montauk Branch,Babylon
GO201_26_6034,Montauk Branch,Speonk
GO201_26_6035,Montauk Branch,Babylon
GO201_26_6036,Montauk Branch,Speonk
GO201_26_6036_1,Montauk Branch,Speonk
GO201_26_6037,Montauk Branch,Babylon
GO201_26_6038,Montauk Branch,Speonk
GO201_26_6038_1,Montauk Branch,Speonk
GO201_26_6040,Montauk Branch,Speonk
GO201_26_6041,Montauk Branch,Babylon
GO201_26_6042,Montauk Branch,Speonk
GO201_26_6043,Montauk Branch,Jamaica
GO201_26_6043_1,Montauk Branch,Jamaica
GO201_26_6044,Montauk Branch,Speonk
GO201_26_6044_1,Montauk Branch,Speonk
GO201_26_6049,Montauk Branch,Jamaica
GO201_26_6052,Montauk Branch,Patchogue
GO201_26_6052_1,Montauk Branch,Patchogue
GO201_26_6054,Montauk Branch,Speonk
GO201_26_6055,Montauk Branch,Babylon
GO201_26_6056,Montauk Branch,Patchogue
GO201_26_6057,Montauk Branch,Jamaica
GO201_26_6058,Montauk Branch,Patchogue
GO201_26_6059,Montauk Branch,Babylon
GO201_26_6060,Montauk Branch,Patchogue
GO201_26_6061,Montauk Branch,Babylon
GO201_26_6062,Montauk Branch,Patchogue
GO201_26_6063,Montauk Branch,Jamaica
GO201_26_6064,Montauk Branch,Patchogue
GO201_26_6065,Montauk Branch,Babylon
GO201_26_6066,Montauk Branch,Patchogue
GO201_26_6066_1,Montauk Branch,Patchogue
GO201_26_6067,Montauk Branch,Jamaica
GO201_26_6067_1,Montauk Branch,Jamaica
GO201_26_6068,Montauk Branch,Patchogue
GO201_26_6069,Montauk Branch,Jamaica
GO201_26_6070,Montauk Branch,Patchogue
GO201_26_6071,Montauk Branch,Babylon
GO201_26_6095,Montauk Branch,Penn Station
GO201_26_6095_1,Montauk Branch,Penn Station
GO201_26_6101,Babylon Branch,Penn Station
GO201_26_6101_1,Babylon Branch,Penn Station
GO201_26_6102,Babylon Branch,Babylon
GO201_26_6103,Babylon Branch,Penn Station
GO201_26_6104,Babylon Branch,Babylon
GO201_26_6104_1,Babylon Branch,Babylon
GO201_26_6105,Babylon Branch,Penn Station
GO201_26_6106,Babylon Branch,Babylon
GO201_26_6107,Babylon Branch,Penn Station
GO201_26_6108,Babylon Branch,Babylon
GO201_26_6108_1,Babylon Branch,Babylon
GO201_26_6109,Babylon Branch,Penn Station
GO201_26_6109_1,Babylon Branch,Penn Station
GO201_26_6110,Babylon Branch,Babylon
GO201_26_6111,Babylon Branch,Penn Station
GO201_26_6111_1,Babylon Branch,Penn Station
GO201_26_6112,Babylon Branch,Babylon
GO201_26_6112_1,Babylon Branch,Babylon
GO201_26_6113,Babylon Branch,Penn Station
GO201_26_6114,Babylon Branch,Babylon
GO201_26_6115,Babylon Branch,Penn Station
GO201_26_6116,Babylon Branch,Babylon
GO201_26_6116_1,Babylon Branch,Babylon
GO201_26_6117,Babylon Branch,Penn Station
GO201_26_6118,Babylon Branch,Babylon
GO201_26_6119,Babylon Branch,Penn Station
GO201_26_6120,Babylon Branch,Babylon
GO201_26_6120_1,Babylon Branch,Babylon
GO201_26_6121,Babylon Branch,Penn Station
GO201_26_6122,Babylon Branch,Babylon
GO201_26_6122_1,Babylon Branch,Babylon
GO201_26_6123,Babylon Branch,Penn Station
GO201_26_6124,Babylon Branch,Babylon
GO201_26_6125,Babylon Branch,Penn Station
GO201_26_6125_2,Babylon Branch,Penn Station
GO201_26_6126,Babylon Branch,Babylon
GO201_26_6127,Babylon Branch,Penn Station
GO201_26_6128,Babylon Branch,Babylon
GO201_26_6129,Babylon Branch,Penn Station
GO201_26_6129_1,Babylon Branch,Penn Station
GO201_26_6130,Babylon Branch,Babylon
GO201_26_6131,Babylon Branch,Penn Station
GO201_26_6132,Babylon Branch,Babylon
GO201_26_6132_1,Babylon Branch,Babylon
GO201_26_6133,Babylon Branch,Penn Station
GO201_26_6133_1,Babylon Branch,Penn Station
GO201_26_6135,Babylon Branch,Penn Station
GO201_26_6150,Babylon Branch,Babylon
GO201_26_6151,Babylon Branch,Penn Station
GO201_26_6152,Babylon Branch,Babylon
GO201_26_6153,Babylon Branch,Penn Station
GO201_26_6154,Babylon Branch,Babylon
GO201_26_6155,Babylon Branch,Penn Station
GO201_26_6156,Babylon Branch,Babylon
GO201_26_6157,Babylon Branch,Penn Station
GO201_26_6158,Babylon Branch,Babylon
GO201_26_6158_1,Babylon Branch,Babylon
GO201_26_6159,Babylon Branch,Penn Station
GO201_26_6160,Babylon Branch,Babylon
GO201_26_6161,Babylon Branch,Penn Station
GO201_26_6162,Babylon Branch,Babylon
GO201_26_6163,Babylon Branch,Penn Station
GO201_26_6165,Babylon Branch,Penn Station
GO201_26_6166,Babylon Branch,Babylon
GO201_26_6167,Babylon Branch,Penn Station
GO201_26_6167_1,Babylon Branch,Penn Station
GO201_26_6168,Babylon Branch,Babylon
GO201_26_6169,Babylon Branch,Penn Station
GO201_26_6170,Babylon Branch,Babylon
GO201_26_6170_1,Babylon Branch,Babylon
GO201_26_6171,Babylon Branch,Penn Station
GO201_26_6171_1,Babylon Branch,Penn Station
GO201_26_6172,Babylon Branch,Babylon
GO201_26_6173,Babylon Branch,Penn Station
GO201_26_6174,Babylon Branch,Babylon
GO201_26_6174_1,Babylon Branch,Babylon
GO201_26_6175,Babylon Branch,Penn Station
GO201_26_6176,Babylon Branch,Babylon
GO201_26_6177,Babylon Branch,Penn Station
GO201_26_6178,Babylon Branch,Babylon
GO201_26_6178_1,Babylon Branch,Babylon
GO201_26_6179,Babylon Branch,Penn Station
GO201_26_6180,Babylon Branch,Babylon
GO201_26_6181,Babylon Branch,Penn Station
GO201_26_6182,Babylon Branch,Babylon
GO201_26_6182_2,Babylon Branch,Babylon
GO201_26_6183,Babylon Branch,Penn Station
GO201_26_6183_1,Babylon Branch,Penn Station
GO201_26_6184,Babylon Branch,Babylon
GO201_26_6185,Babylon Branch,Penn Station
GO201_26_6186,Babylon Branch,Babylon
GO201_26_6186_1,Babylon Branch,Babylon
GO201_26_6187,Babylon Branch,Penn Station
GO201_26_6187_1,Babylon Branch,Penn Station
GO201_26_6188,Babylon Branch,Babylon
GO201_26_6189,Babylon Branch,Penn Station
GO201_26_6189_1,Babylon Branch,Penn Station
GO201_26_6190,Babylon Branch,Babylon
GO201_26_6190_1,Babylon Branch,Babylon
GO201_26_6191,Babylon Branch,Penn Station
GO201_26_6191_1,Babylon Branch,Penn Station
GO201_26_6192,Babylon Branch,Babylon
GO201_26_6192_1,Babylon Branch,Babylon
GO201_26_6193,Babylon Branch,Penn Station
GO201_26_6194,Babylon Branch,Babylon
GO201_26_6195,Babylon Branch,Penn Station
GO201_26_6197,Babylon Branch,Penn Station
GO201_26_6197_1,Babylon Branch,Penn Station
GO201_26_6198,Babylon Branch,Babylon
GO201_26_6202,Babylon Branch,Babylon
GO201_26_6202_1,Babylon Branch,Babylon
GO201_26_6205,Babylon Branch,Grand Central
GO201_26_6207,Babylon Branch,Grand Central
GO201_26_6209,Babylon Branch,Grand Central
GO201_26_6210,Babylon Branch,Massapequa
GO201_26_6212,Babylon Branch,Massapequa
GO201_26_6213,Babylon Branch,Grand Central
GO201_26_6214,Babylon Branch,Massapequa
GO201_26_6215,Babylon Branch,Grand Central
GO201_26_6215_1,Babylon Branch,Grand Central
GO201_26_6216,Babylon Branch,Massapequa
GO201_26_6217,Babylon Branch,Grand Central
GO201_26_6217_1,Babylon Branch,Grand Central
GO201_26_6218,Babylon Branch,Massapequa
GO201_26_6219,Babylon Branch,Grand Central
GO201_26_6220,Babylon Branch,Massapequa
GO201_26_6250,Babylon Branch,Massapequa
GO201_26_6251,Babylon Branch,Grand Central
GO201_26_6252,Babylon Branch,Massapequa
GO201_26_6253,Babylon Branch,Grand Central
GO201_26_6254,Babylon Branch,Massapequa
GO201_26_6254_1,Babylon Branch,Massapequa
GO201_26_6255,Babylon Branch,Grand Central
GO201_26_6256,Babylon Branch,Massapequa
GO201_26_6257,Babylon Branch,Grand Central
GO201_26_6259,Babylon Branch,Grand Central
GO201_26_6260,Babylon Branch,Massapequa
GO201_26_6260_1,Babylon Branch,Massapequa
GO201_26_6261,Babylon Branch,Grand Central
GO201_26_6262,Babylon Branch,Massapequa
GO201_26_6262_1,Babylon Branch,Massapequa
GO201_26_6262_2,Babylon Branch,Massapequa
GO201_26_6264,Babylon Branch,Massapequa
GO201_26_6264_1,Babylon Branch,Massapequa
GO201_26_6265,Babylon Branch,Grand Central
GO201_26_6266,Babylon Branch,Massapequa
GO201_26_6266_1,Babylon Branch,Massapequa
GO201_26_6267,Babylon Branch,Grand Central
GO201_26_6267_1,Babylon Branch,Grand Central
GO201_26_6268,Babylon Branch,Massapequa
GO201_26_6268_1,Babylon Branch,Massapequa
GO201_26_6269,Babylon Branch,Grand Central
GO201_26_6269_1,Babylon Branch,Grand Central
GO201_26_6270,Babylon Branch,Massapequa
GO201_26_6270_1,Babylon Branch,Massapequa
GO201_26_6270_2,Babylon Branch,Massapequa
GO201_26_6271,Babylon Branch,Grand Central
GO201_26_6272,Babylon Branch,Massapequa
GO201_26_6273,Babylon Branch,Grand Central
GO201_26_6274,Babylon Branch,Babylon
GO201_26_6275,Babylon Branch,Grand Central
GO201_26_6502,Oyster Bay Branch,Oyster Bay
GO201_26_6503,Oyster Bay Branch,Jamaica
GO201_26_6507,Oyster Bay Branch,Jamaica
GO201_26_6508,Oyster Bay Branch,Oyster Bay
GO201_26_6511,Oyster Bay Branch,Jamaica
GO201_26_6512,Oyster Bay Branch,Oyster Bay
GO201_26_6550,Oyster Bay Branch,Oyster Bay
GO201_26_6551,Oyster Bay Branch,Jamaica
GO201_26_6553,Oyster Bay Branch,Jamaica
GO201_26_6554,Oyster Bay Branch,Oyster Bay
GO201_26_6557,Oyster Bay Branch,Jamaica
GO201_26_6558,Oyster Bay Branch,Oyster Bay
GO201_26_6563,Oyster Bay Branch,Jamaica
GO201_26_6564,Oyster Bay Branch,Oyster Bay
GO201_26_6567,Oyster Bay Branch,Jamaica
GO201_26_6570,Oyster Bay Branch,Oyster Bay
GO201_26_6571,Oyster Bay Branch,Jamaica
GO201_26_6574,Oyster Bay Branch,Oyster Bay
GO201_26_6600,Port Jefferson Branch,Port Jefferson
GO201_26_6602,Port Jefferson Branch,Port Jefferson
GO201_26_6603,Port Jefferson Branch,Jamaica
GO201_26_6604,Port Jefferson Branch,Port Jefferson
GO201_26_6607,Port Jefferson Branch,Huntington
GO201_26_6609,Port Jefferson Branch,Huntington
GO201_26_6610,Port Jefferson Branch,Port Jefferson
GO201_26_6610_1,Port Jefferson Branch,Port Jefferson
GO201_26_6611,Port Jefferson Branch,Huntington
GO201_26_6611_1,Port Jefferson Branch,Huntington
GO201_26_6612,Port Jefferson Branch,Port Jefferson
GO201_26_6612_1,Port Jefferson Branch,Port Jefferson
GO201_26_6613,Port Jefferson Branch,Huntington
GO201_26_6614,Port Jefferson Branch,Port Jefferson
GO201_26_6615,Port Jefferson Branch,Huntington
GO201_26_6650,Port Jefferson Branch,Port Jefferson
GO201_26_6652,Port Jefferson Branch,Port Jefferson
GO201_26_6653,Port Jefferson Branch,Huntington
GO201_26_6654,Port Jefferson Branch,Port Jefferson
GO201_26_6655,Port Jefferson Branch,Huntington
GO201_26_6656,Port Jefferson Branch,Port Jefferson
GO201_26_6657,Port Jefferson Branch,Huntington
GO201_26_6659,Port Jefferson Branch,Huntington
GO201_26_6660,Port Jefferson Branch,Port Jefferson
GO201_26_6661,Port Jefferson Branch,Huntington
GO201_26_6662,Port Jefferson Branch,Port Jefferson
GO201_26_6663,Port Jefferson Branch,Huntington
GO201_26_6664,Port Jefferson Branch,Port Jefferson
GO201_26_6665,Port Jefferson Branch,Huntington
GO201_26_6666,Port Jefferson Branch,Port Jefferson
GO201_26_6667,Port Jefferson Branch,Huntington
GO201_26_6701,Hempstead Branch,Grand Central
GO201_26_6701_1,Hempstead Branch,Floral Park
GO201_26_6702,Hempstead Branch,Hempstead
GO201_26_6702_1,Hempstead Branch,Hempstead
GO201_26_6703,Hempstead Branch,Penn Station
GO201_26_6704,Hempstead Branch,Hempstead
GO201_26_6704_1,Hempstead Branch,Hempstead
GO201_26_6705,Hempstead Branch,Penn Station
GO201_26_6705_1,Hempstead Branch,Floral Park
GO201_26_6706,Hempstead Branch,Hempstead
GO201_26_6706_1,Hempstead Branch,Hempstead
GO201_26_6709,Hempstead Branch,Penn Station
GO201_26_6709_1,Hempstead Branch,Floral Park
GO201_26_6710,Hempstead Branch,Hempstead
GO201_26_6710_1,Hempstead Branch,Hempstead
GO201_26_6711,Hempstead Branch,Grand Central
GO201_26_6711_1,Hempstead Branch,Floral Park
GO201_26_6712,Hempstead Branch,Hempstead
GO201_26_6712_1,Hempstead Branch,Hempstead
GO201_26_6713,Hempstead Branch,Grand Central
GO201_26_6713_1,Hempstead Branch,Floral Park
GO201_26_6714,Hempstead Branch,Hempstead
GO201_26_6714_1,Hempstead Branch,Hempstead
GO201_26_6715,Hempstead Branch,Grand Central
GO201_26_6715_1,Hempstead Branch,Floral Park
GO201_26_6716,Hempstead Branch,Hempstead
GO201_26_6716_1,Hempstead Branch,Hempstead
GO201_26_6717,Hempstead Branch,Grand Central
GO201_26_6717_1,Hempstead Branch,Floral Park
GO201_26_6718,Hempstead Branch,Hempstead
GO201_26_6718_1,Hempstead Branch,Hempstead
GO201_26_6719,Hempstead Branch,Grand Central
GO201_26_6719_1,Hempstead Branch,Floral Park
GO201_26_6720,Hempstead Branch,Hempstead
GO201_26_6720_1,Hempstead Branch,Hempstead
GO201_26_6721,Hempstead Branch,Grand Central
GO201_26_6721_1,Hempstead Branch,Floral Park
GO201_26_6722,Hempstead Branch,Hempstead
GO201_26_6722_1,Hempstead Branch,Hempstead
GO201_26_6723,Hempstead Branch,Grand Central
GO201_26_6723_1,Hempstead Branch,Floral Park
GO201_26_6725,Hempstead Branch,Grand Central
GO201_26_6725_1,Hempstead Branch,Floral Park
GO201_26_6750,Hempstead Branch,Hempstead
GO201_26_6750_1,Hempstead Branch,Hempstead
GO201_26_6751,Hempstead Branch,Grand Central
GO201_26_6751_1,Hempstead Branch,Floral Park
GO201_26_6752,Hempstead Branch,Hempstead
GO201_26_6752_1,Hempstead Branch,Hempstead
GO201_26_6753,Hempstead Branch,Grand Central
GO201_26_6753_1,Hempstead Branch,Floral Park
GO201_26_6754,Hempstead Branch,Hempstead
GO201_26_6754_1,Hempstead Branch,Hempstead
GO201_26_6755,Hempstead Branch,Grand Central
GO201_26_6755_1,Hempstead Branch,Floral Park
GO201_26_6756,Hempstead Branch,Hempstead
GO201_26_6756_1,Hempstead Branch,Hempstead
GO201_26_6757,Hempstead Branch,Grand Central
GO201_26_6757_1,Hempstead Branch,Floral Park
GO201_26_6759,Hempstead Branch,Grand Central
GO201_26_6759_1,Hempstead Branch,Floral Park
GO201_26_6760,Hempstead Branch,Hempstead
GO201_26_6760_1,Hempstead Branch,Hempstead
GO201_26_6762,Hempstead Branch,Hempstead
GO201_26_6762_1,Hempstead Branch,Hempstead
GO201_26_6763,Hempstead Branch,Grand Central
GO201_26_6763_1,Hempstead Branch,Floral Park
GO201_26_6764,Hempstead Branch,Hempstead
GO201_26_6764_1,Hempstead Branch,Hempstead
GO201_26_6765,Hempstead Branch,Grand Central
GO201_26_6765_1,Hempstead Branch,Floral Park
GO201_26_6766,Hempstead Branch,Hempstead
GO201_26_6766_1,Hempstead Branch,Hempstead
GO201_26_6767,Hempstead Branch,Grand Central
GO201_26_6767_1,Hempstead Branch,Floral Park
GO201_26_6768,Hempstead Branch,Hempstead
GO201_26_6768_1,Hempstead Branch,Hempstead
GO201_26_6769,Hempstead Branch,Grand Central
GO201_26_6769_1,Hempstead Branch,Floral Park
GO201_26_6770,Hempstead Branch,Hempstead
GO201_26_6770_1,Hempstead Branch,Hempstead
GO201_26_6771,Hempstead Branch,Grand Central
GO201_26_6771_1,Hempstead Branch,Floral Park
GO201_26_6772,Hempstead Branch,Hempstead
GO201_26_6772_1,Hempstead Branch,Hempstead
GO201_26_6773,Hempstead Branch,Grand Central
GO201_26_6773_1,Hempstead Branch,Floral Park
GO201_26_6774,Hempstead Branch,Hempstead
GO201_26_6774_1,Hempstead Branch,Hempstead
GO201_26_6801,Long Beach Branch,Penn Station
GO201_26_6801_1,Long Beach Branch,Penn Station
GO201_26_6802,Long Beach Branch,Long Beach
GO201_26_6804,Long Beach Branch,Long Beach
GO201_26_6805,Long Beach Branch,Penn Station
GO201_26_6806,Long Beach Branch,Long Beach
GO201_26_6807,Long Beach Branch,Penn Station
GO201_26_6809,Long Beach Branch,Penn Station
GO201_26_6810,Long Beach Branch,Long Beach
GO201_26_6811,Long Beach Branch,Penn Station
GO201_26_6812,Long Beach Branch,Long Beach
GO201_26_6813,Long Beach Branch,Penn Station
GO201_26_6814,Long Beach Branch,Long Beach
GO201_26_6815,Long Beach Branch,Penn Station
GO201_26_6816,Long Beach Branch,Long Beach
GO201_26_6817,Long Beach Branch,Penn Station
GO201_26_6817_1,Long Beach Branch,Penn Station
GO201_26_6818,Long Beach Branch,Long Beach
GO201_26_6820,Long Beach Branch,Long Beach
GO201_26_6822,Long Beach Branch,Long Beach
GO201_26_6823,Long Beach Branch,Penn Station
GO201_26_6825,Long Beach Branch,Penn Station
GO201_26_6850,Long Beach Branch,Long Beach
GO201_26_6852,Long Beach Branch,Long Beach
GO201_26_6853,Long Beach Branch,Penn Station
GO201_26_6854,Long Beach Branch,Long Beach
GO201_26_6854_1,Long Beach Branch,Long Beach
GO201_26_6855,Long Beach Branch,Penn Station
GO201_26_6856,Long Beach Branch,Long Beach
GO201_26_6857,Long Beach Branch,Penn Station
GO201_26_6859,Long Beach Branch,Penn Station
GO201_26_6860,Long Beach Branch,Long Beach
GO201_26_6862,Long Beach Branch,Long Beach
GO201_26_6862_1,Long Beach Branch,Long Beach
GO201_26_6863,Long Beach Branch,Penn Station
GO201_26_6865,Long Beach Branch,Penn Station
GO201_26_6866,Long Beach Branch,Long Beach
GO201_26_6867,Long Beach Branch,Penn Station
GO201_26_6868,Long Beach Branch,Long Beach
GO201_26_6872,Long Beach Branch,Long Beach
GO201_26_6873,Long Beach Branch,Penn Station
GO201_26_6874,Long Beach Branch,Long Beach
GO201_26_6875,Long Beach Branch,Penn Station
GO201_26_6875_1,Long Beach Branch,Penn Station
GO201_26_6876,Long Beach Branch,Long Beach
GO201_26_6876_1,Long Beach Branch,Long Beach
GO201_26_6877,Long Beach Branch,Penn Station
GO201_26_6878,Long Beach Branch,Long Beach
GO201_26_6879,Long Beach Branch,Penn Station
GO201_26_6879_1,Long Beach Branch,Penn Station
GO201_26_6880,Long Beach Branch,Long Beach
GO201_26_6881,Long Beach Branch,Penn Station
GO201_26_6900,Greenport Service,Greenport
GO201_26_6901,Greenport Service,Ronkonkoma
GO201_26_6902,Greenport Service,Greenport
GO201_26_6903,Greenport Service,Ronkonkoma
GO201_26_6904,Greenport Service,Greenport
GO201_26_6905,Greenport Service,Ronkonkoma
GO201_26_6907,Greenport Service,Ronkonkoma
GO201_26_6950,Greenport Service,Greenport
GO201_26_6951,Greenport Service,Ronkonkoma
GO201_26_6952,Greenport Service,Greenport
GO201_26_6953,Greenport Service,Ronkonkoma
GO201_26_6954,Greenport Service,Greenport
GO201_26_6955,Greenport Service,Ronkonkoma
GO201_26_6957,Greenport Service,Ronkonkoma
GO201_26_7500,Port Jefferson Branch,Huntington
GO201_26_7500_1,Port Jefferson Branch,Huntington
GO201_26_7501,Port Jefferson Branch,Penn Station
GO201_26_7502,Port Jefferson Branch,Huntington
GO201_26_7502_1,Port Jefferson Branch,Huntington
GO201_26_7503,Port Jefferson Branch,Penn Station
GO201_26_7503_1,Port Jefferson Branch,Penn Station
GO201_26_7504,Port Jefferson Branch,Huntington
GO201_26_7504_1,Port Jefferson Branch,Huntington
GO201_26_7505,Port Jefferson Branch,Penn Station
GO201_26_7505_1,Port Jefferson Branch,Penn Station
GO201_26_7506,Port Jefferson Branch,Huntington
GO201_26_7506_1,Port Jefferson Branch,Huntington
GO201_26_7507,Port Jefferson Branch,Penn Station
GO201_26_7507_1,Port Jefferson Branch,Penn Station
GO201_26_7508,Port Jefferson Branch,Huntington
GO201_26_7508_1,Port Jefferson Branch,Huntington
GO201_26_7509,Port Jefferson Branch,Penn Station
GO201_26_7510,Port Jefferson Branch,Huntington
GO201_26_7510_1,Port Jefferson Branch,Huntington
GO201_26_7511,Port Jefferson Branch,Penn Station
GO201_26_7512,Port Jefferson Branch,Huntington
GO201_26_7512_1,Port Jefferson Branch,Huntington
GO201_26_7513,Port Jefferson Branch,Penn Station
GO201_26_7514,Port Jefferson Branch,Huntington
GO201_26_7515,Port Jefferson Branch,Penn Station
GO201_26_7515_1,Port Jefferson Branch,Penn Station
GO201_26_7516,Port Jefferson Branch,Huntington
GO201_26_7516_1,Port Jefferson Branch,Huntington
GO201_26_7517,Port Jefferson Branch,Penn Station
GO201_26_7518,Port Jefferson Branch,Huntington
GO201_26_7518_1,Port Jefferson Branch,Huntington
GO201_26_7519,Port Jefferson Branch,Penn Station
GO201_26_7520,Port Jefferson Branch,Huntington
GO201_26_7520_1,Port Jefferson Branch,Huntington
GO201_26_7521,Port Jefferson Branch,Penn Station
GO201_26_7522,Port Jefferson Branch,Huntington
GO201_26_7523,Port Jefferson Branch,Penn Station
GO201_26_7524,Port Jefferson Branch,Huntington
GO201_26_7524_1,Port Jefferson Branch,Huntington
GO201_26_7525,Port Jefferson Branch,Penn Station
GO201_26_7526,Port Jefferson Branch,Huntington
GO201_26_7527,Port Jefferson Branch,Penn Station
GO201_26_7528,Port Jefferson Branch,Huntington
GO201_26_7528_1,Port Jefferson Branch,Huntington
GO201_26_7529,Port Jefferson Branch,Penn Station
GO201_26_7530,Port Jefferson Branch,Huntington
GO201_26_7530_1,Port Jefferson Branch,Huntington
GO201_26_7531,Port Jefferson Branch,Penn Station
GO201_26_7550,Port Jefferson Branch,Huntington
GO201_26_7550_1,Port Jefferson Branch,Huntington
GO201_26_7551,Port Jefferson Branch,Penn Station
GO201_26_7552,Port Jefferson Branch,Huntington
GO201_26_7553,Port Jefferson Branch,Penn Station
GO201_26_7554,Port Jefferson Branch,Huntington
GO201_26_7554_1,Port Jefferson Branch,Huntington
GO201_26_7555,Port Jefferson Branch,Penn Station
GO201_26_7556,Port Jefferson Branch,Huntington
GO201_26_7556_1,Port Jefferson Branch,Huntington
GO201_26_7557,Port Jefferson Branch,Penn Station
GO201_26_7558,Port Jefferson Branch,Huntington
GO201_26_7558_1,Port Jefferson Branch,Huntington
GO201_26_7559,Port Jefferson Branch,Penn Station
GO201_26_7560,Port Jefferson Branch,Huntington
GO201_26_7560_1,Port Jefferson Branch,Huntington
GO201_26_7561,Port Jefferson Branch,Penn Station
GO201_26_7562,Port Jefferson Branch,Huntington
GO201_26_7562_1,Port Jefferson Branch,Huntington
GO201_26_7563,Port Jefferson Branch,Penn Station
GO201_26_7564,Port Jefferson Branch,Huntington
GO201_26_7564_1,Port Jefferson Branch,Huntington
GO201_26_7565,Port Jefferson Branch,Penn Station
GO201_26_7565_1,Port Jefferson Branch,Penn Station
GO201_26_7566,Port Jefferson Branch,Huntington
GO201_26_7566_1,Port Jefferson Branch,Huntington
GO201_26_7567,Port Jefferson Branch,Penn Station
GO201_26_7568,Port Jefferson Branch,Huntington
GO201_26_7568_1,Port Jefferson Branch,Huntington
GO201_26_7569,Port Jefferson Branch,Penn Station
GO201_26_7569_1,Port Jefferson Branch,Penn Station
GO201_26_7570,Port Jefferson Branch,Huntington
GO201_26_7570_1,Port Jefferson Branch,Huntington
GO201_26_7571,Port Jefferson Branch,Penn Station
GO201_26_7572,Port Jefferson Branch,Huntington
GO201_26_7572_1,Port Jefferson Branch,Huntington
GO201_26_7572_4,Port Jefferson Branch,Huntington
GO201_26_7573,Port Jefferson Branch,Penn Station
GO201_26_7573_1,Port Jefferson Branch,Penn Station
GO201_26_7574,Port Jefferson Branch,Huntington
GO201_26_7574_1,Port Jefferson Branch,Huntington
GO201_26_7575,Port Jefferson Branch,Penn Station
GO201_26_7575_1,Port Jefferson Branch,Penn Station
GO201_26_7576,Port Jefferson Branch,Huntington
GO201_26_7576_1,Port Jefferson Branch,Huntington
GO201_26_7576_3,Port Jefferson Branch,Huntington
GO201_26_7577,Port Jefferson Branch,Penn Station
GO201_26_7577_1,Port Jefferson Branch,Penn Station
GO201_26_7578,Port Jefferson Branch,Huntington
GO201_26_7578_1,Port Jefferson Branch,Huntington
GO201_26_7579,Port Jefferson Branch,Penn Station
GO201_26_7579_1,Port Jefferson Branch,Penn Station
GO201_26_7580,Port Jefferson Branch,Huntington
GO201_26_7580_1,Port Jefferson Branch,Huntington
GO201_26_7580_3,Port Jefferson Branch,Huntington
GO201_26_7581,Port Jefferson Branch,Penn Station
GO201_26_7582,Port Jefferson Branch,Huntington
GO201_26_7582_1,Port Jefferson Branch,Huntington
GO201_26_7583,Port Jefferson Branch,Penn Station
GO201_26_7583_1,Port Jefferson Branch,Penn Station
GO201_26_7584,Port Jefferson Branch,Huntington
GO201_26_7584_1,Port Jefferson Branch,Huntington
GO201_26_7584_4,Port Jefferson Branch,Huntington
GO201_26_7585,Port Jefferson Branch,Penn Station
GO201_26_7585_1,Port Jefferson Branch,Penn Station
GO201_26_7586,Port Jefferson Branch,Huntington
GO201_26_7586_1,Port Jefferson Branch,Huntington
GO201_26_7587,Port Jefferson Branch,Penn Station
GO201_26_7587_1,Port Jefferson Branch,Penn Station
GO201_26_7588,Port Jefferson Branch,Huntington
GO201_26_7588_1,Port Jefferson Branch,Huntington
GO201_26_7589,Port Jefferson Branch,Penn Station
GO201_26_7589_1,Port Jefferson Branch,Penn Station
GO201_26_7590,Port Jefferson Branch,Huntington
GO201_26_7590_1,Port Jefferson Branch,Huntington
GO201_26_7590_4,Port Jefferson Branch,Huntington
GO201_26_7591,Port Jefferson Branch,Penn Station
GO201_26_7591_1,Port Jefferson Branch,Penn Station
GO201_26_7591_3,Port Jefferson Branch,Penn Station
GO201_26_7592,Port Jefferson Branch,Huntington
GO201_26_7592_1,Port Jefferson Branch,Huntington
GO201_26_7592_4,Port Jefferson Branch,Huntington
GO201_26_7593,Port Jefferson Branch,Penn Station
GO201_26_7593_1,Port Jefferson Branch,Penn Station
GO201_26_7594,Port Jefferson Branch,Huntington
GO201_26_7594_1,Port Jefferson Branch,Huntington
GO201_26_7595,Port Jefferson Branch,Penn Station
GO201_26_7595_1,Port Jefferson Branch,Penn Station
GO201_26_7596,Port Jefferson Branch,Huntington
GO201_26_7596_1,Port Jefferson Branch,Huntington
GO201_26_7597,Port Jefferson Branch,Penn Station
GO201_26_7599,Port Jefferson Branch,Penn Station
GO201_26_7599_1,Port Jefferson Branch,Penn Station
GO201_26_7702,West Hempstead Branch,West Hempstead
GO201_26_7705,West Hempstead Branch,Jamaica
GO201_26_7708,West Hempstead Branch,West Hempstead
GO201_26_7709,West Hempstead Branch,Grand Central
GO201_26_7710,West Hempstead Branch,West Hempstead
GO201_26_7711,West Hempstead Branch,Grand Central
GO201_26_7712,West Hempstead Branch,West Hempstead
GO201_26_7713,West Hempstead Branch,Grand Central
GO201_26_7714,West Hempstead Branch,West Hempstead
GO201_26_7715,West Hempstead Branch,Grand Central
GO201_26_7716,West Hempstead Branch,West Hempstead
GO201_26_7717,West Hempstead Branch,Grand Central
GO201_26_7718,West Hempstead Branch,West Hempstead
GO201_26_7719,West Hempstead Branch,Grand Central
GO201_26_7720,West Hempstead Branch,West Hempstead
GO201_26_7750,West Hempstead Branch,West Hempstead
GO201_26_7751,West Hempstead Branch,Grand Central
GO201_26_7752,West Hempstead Branch,West Hempstead
GO201_26_7753,West Hempstead Branch,Grand Central
GO201_26_7754,West Hempstead Branch,West Hempstead
GO201_26_7755,West Hempstead Branch,Grand Central
GO201_26_7756,West Hempstead Branch,West Hempstead
GO201_26_7757,West Hempstead Branch,Grand Central
GO201_26_7758,West Hempstead Branch,West Hempstead
GO201_26_7759,West Hempstead Branch,Grand Central
GO201_26_7760,West Hempstead Branch,West Hempstead
GO201_26_7761,West Hempstead Branch,Grand Central
GO201_26_7762,West Hempstead Branch,West Hempstead
GO201_26_7763,West Hempstead Branch,Grand Central
GO201_26_7764,West Hempstead Branch,West Hempstead
GO201_26_7765,West Hempstead Branch,Grand Central
GO201_26_7766,West Hempstead Branch,West Hempstead
GO201_26_7767,West Hempstead Branch,Jamaica
GO201_26_7767_1,West Hempstead Branch,Grand Central
GO201_26_7768,West Hempstead Branch,West Hempstead
GO201_26_7768_1,West Hempstead Branch,West Hempstead
GO201_26_7769,West Hempstead Branch,Jamaica
GO201_26_7769_1,West Hempstead Branch,Grand Central
GO201_26_7770,West Hempstead Branch,West Hempstead
GO201_26_7770_1,West Hempstead Branch,West Hempstead
GO201_26_7771,West Hempstead Branch,Jamaica
GO201_26_7771_1,West Hempstead Branch,Grand Central
GO201_26_7772,West Hempstead Branch,West Hempstead
GO201_26_7773,West Hempstead Branch,Jamaica
GO201_26_7773_1,West Hempstead Branch,Grand Central
GO201_26_7900,Ronkonkoma Branch,Ronkonkoma
GO201_26_7900_1,Ronkonkoma Branch,Ronkonkoma
GO201_26_7901,Ronkonkoma Branch,Penn Station
GO201_26_7901_1,Ronkonkoma Branch,Penn Station
GO201_26_7902,Ronkonkoma Branch,Ronkonkoma
GO201_26_7902_1,Ronkonkoma Branch,Ronkonkoma
GO201_26_7903,Ronkonkoma Branch,Penn Station
GO201_26_7903_1,Ronkonkoma Branch,Penn Station
GO201_26_7904,Ronkonkoma Branch,Ronkonkoma
GO201_26_7904_1,Ronkonkoma Branch,Ronkonkoma
GO201_26_7905,Ronkonkoma Branch,Penn Station
GO201_26_7905_1,Ronkonkoma Branch,Penn Station
GO201_26_7906,Ronkonkoma Branch,Ronkonkoma
GO201_26_7906_1,Ronkonkoma Branch,Ronkonkoma
GO201_26_7907,Ronkonkoma Branch,Penn Station
GO201_26_7907_1,Ronkonkoma Branch,Penn Station
GO201_26_7908,Ronkonkoma Branch,Ronkonkoma
GO201_26_7909,Ronkonkoma Branch,Penn Station
GO201_26_7909_1,Ronkonkoma Branch,Penn Station
GO201_26_7910,Ronkonkoma Branch,Ronkonkoma
GO201_26_7910_1,Ronkonkoma Branch,Ronkonkoma
GO201_26_7911,Ronkonkoma Branch,Penn Station
GO201_26_7911_1,Ronkonkoma Branch,Penn Station
GO201_26_7912,Ronkonkoma Branch,Ronkonkoma
GO201_26_7912_1,Ronkonkoma Branch,Ronkonkoma
GO201_26_7913,Ronkonkoma Branch,Penn Station
GO201_26_7913_1,Ronkonkoma Branch,Penn Station
GO201_26_7914,Ronkonkoma Branch,Ronkonkoma
GO201_26_7914_1,Ronkonkoma Branch,Ronkonkoma
GO201_26_7915,Ronkonkoma Branch,Penn Station
GO201_26_7915_1,Ronkonkoma Branch,Penn Station
GO201_26_7916,Ronkonkoma Branch,Ronkonkoma
GO201_26_7916_1,Ronkonkoma Branch,Ronkonkoma
GO201_26_7917,Ronkonkoma Branch,Penn Station
GO201_26_7917_1,Ronkonkoma Branch,Penn Station
GO201_26_7918,Ronkonkoma Branch,Ronkonkoma
GO201_26_7918_1,Ronkonkoma Branch,Ronkonkoma
GO201_26_7919,Ronkonkoma Branch,Penn Station
GO201_26_7919_1,Ronkonkoma Branch,Penn Station
GO201_26_7920,Ronkonkoma Branch,Ronkonkoma
GO201_26_7920_1,Ronkonkoma Branch,Ronkonkoma
GO201_26_7921,Ronkonkoma Branch,Penn Station
GO201_26_7921_1,Ronkonkoma Branch,Penn Station
GO201_26_7922,Ronkonkoma Branch,Ronkonkoma
GO201_26_7922_1,Ronkonkoma Branch,Ronkonkoma
GO201_26_7923,Ronkonkoma Branch,Penn Station
GO201_26_7924,Ronkonkoma Branch,Ronkonkoma
GO201_26_7924_1,Ronkonkoma Branch,Ronkonkoma
GO201_26_7925,Ronkonkoma Branch,Penn Station
GO201_26_7925_1,Ronkonkoma Branch,Penn Station
GO201_26_7926,Ronkonkoma Branch,Ronkonkoma
GO201_26_7926_1,Ronkonkoma Branch,Ronkonkoma
GO201_26_7927,Ronkonkoma Branch,Penn Station
GO201_26_7928,Ronkonkoma Branch,Ronkonkoma
GO201_26_7928_1,Ronkonkoma Branch,Ronkonkoma
GO201_26_7929,Ronkonkoma Branch,Penn Station
GO201_26_7929_1,Ronkonkoma Branch,Penn Station
GO201_26_7930,Ronkonkoma Branch,Ronkonkoma
GO201_26_7930_1,Ronkonkoma Branch,Ronkonkoma
GO201_26_7931,Ronkonkoma Branch,Penn Station
GO201_26_7932,Ronkonkoma Branch,Ronkonkoma
GO201_26_7932_1,Ronkonkoma Branch,Ronkonkoma
GO201_26_7933,Ronkonkoma Branch,Penn Station
GO201_26_7933_1,Ronkonkoma Branch,Penn Station
GO201_26_7935,Ronkonkoma Branch,Penn Station
GO201_26_7950,Ronkonkoma Branch,Ronkonkoma
GO201_26_7950_1,Ronkonkoma Branch,Ronkonkoma
GO201_26_7952,Ronkonkoma Branch,Ronkonkoma
GO201_26_7952_1,Ronkonkoma Branch,Ronkonkoma
GO201_26_7953,Ronkonkoma Branch,Penn Station
GO201_26_7953_1,Ronkonkoma Branch,Penn Station
GO201_26_7955,Ronkonkoma Branch,Penn Station
GO201_26_7956,Ronkonkoma Branch,Ronkonkoma
GO201_26_7956_1,Ronkonkoma Branch,Ronkonkoma
GO201_26_7957,Ronkonkoma Branch,Penn Station
GO201_26_7957_1,Ronkonkoma Branch,Penn Station
GO201_26_7958,Ronkonkoma Branch,Ronkonkoma
GO201_26_7958_1,Ronkonkoma Branch,Ronkonkoma
GO201_26_7959,Ronkonkoma Branch,Penn Station
GO201_26_7960,Ronkonkoma Branch,Ronkonkoma
GO201_26_7960_1,Ronkonkoma Branch,Ronkonkoma
GO201_26_7961,Ronkonkoma Branch,Penn Station
GO201_26_7961_1,Ronkonkoma Branch,Penn Station
GO201_26_7962,Ronkonkoma Branch,Ronkonkoma
GO201_26_7962_1,Ronkonkoma Branch,Ronkonkoma
GO201_26_7963,Ronkonkoma Branch,Penn Station
GO201_26_7964,Ronkonkoma Branch,Ronkonkoma
GO201_26_7964_1,Ronkonkoma Branch,Ronkonkoma
GO201_26_7965,Ronkonkoma Branch,Penn Station
GO201_26_7965_1,Ronkonkoma Branch,Penn Station
GO201_26_7966,Ronkonkoma Branch,Ronkonkoma
GO201_26_7966_1,Ronkonkoma Branch,Ronkonkoma
GO201_26_7967,Ronkonkoma Branch,Penn Station
GO201_26_7968,Ronkonkoma Branch,Ronkonkoma
GO201_26_7968_1,Ronkonkoma Branch,Ronkonkoma
GO201_26_7969,Ronkonkoma Branch,Penn Station
GO201_26_7969_1,Ronkonkoma Branch,Penn Station
GO201_26_7970,Ronkonkoma Branch,Ronkonkoma
GO201_26_7970_1,Ronkonkoma Branch,Ronkonkoma
GO201_26_7971,Ronkonkoma Branch,Penn Station
GO201_26_7972,Ronkonkoma Branch,Ronkonkoma
GO201_26_7972_1,Ronkonkoma Branch,Ronkonkoma
GO201_26_7973,Ronkonkoma Branch,Penn Station
GO201_26_7973_1,Ronkonkoma Branch,Penn Station
GO201_26_7974,Ronkonkoma Branch,Ronkonkoma
GO201_26_7974_1,Ronkonkoma Branch,Ronkonkoma
GO201_26_7975,Ronkonkoma Branch,Penn Station
GO201_26_7976,Ronkonkoma Branch,Ronkonkoma
GO201_26_7976_1,Ronkonkoma Branch,Ronkonkoma
GO201_26_7977,Ronkonkoma Branch,Penn Station
GO201_26_7977_1,Ronkonkoma Branch,Penn Station
GO201_26_7978,Ronkonkoma Branch,Ronkonkoma
GO201_26_7978_1,Ronkonkoma Branch,Ronkonkoma
GO201_26_7979,Ronkonkoma Branch,Penn Station
GO201_26_7980,Ronkonkoma Branch,Ronkonkoma
GO201_26_7980_1,Ronkonkoma Branch,Ronkonkoma
GO201_26_7981,Ronkonkoma Branch,Penn Station
GO201_26_7981_1,Ronkonkoma Branch,Penn Station
GO201_26_7981_2,Ronkonkoma Branch,Penn Station
GO201_26_7982,Ronkonkoma Branch,Ronkonkoma
GO201_26_7982_1,Ronkonkoma Branch,Ronkonkoma
GO201_26_7983,Ronkonkoma Branch,Penn Station
GO201_26_7984,Ronkonkoma Branch,Ronkonkoma
GO201_26_7984_1,Ronkonkoma Branch,Ronkonkoma
GO201_26_7985,Ronkonkoma Branch,Penn Station
GO201_26_7985_1,Ronkonkoma Branch,Penn Station
GO201_26_7986,Ronkonkoma Branch,Ronkonkoma
GO201_26_7986_1,Ronkonkoma Branch,Ronkonkoma
GO201_26_7987,Ronkonkoma Branch,Penn Station
GO201_26_7988,Ronkonkoma Branch,Ronkonkoma
GO201_26_7988_1,Ronkonkoma Branch,Ronkonkoma
GO201_26_7989,Ronkonkoma Branch,Penn Station
GO201_26_7989_1,Ronkonkoma Branch,Penn Station
GO201_26_7989_3,Ronkonkoma Branch,Penn Station
GO201_26_7990,Ronkonkoma Branch,Ronkonkoma
GO201_26_7990_1,Ronkonkoma Branch,Ronkonkoma
GO201_26_7990_3,Ronkonkoma Branch,Ronkonkoma
GO201_26_7991,Ronkonkoma Branch,Penn Station
GO201_26_7991_1,Ronkonkoma Branch,Penn Station
GO201_26_7992,Ronkonkoma Branch,Ronkonkoma
GO201_26_7992_1,Ronkonkoma Branch,Ronkonkoma
GO201_26_7992_4,Ronkonkoma Branch,Ronkonkoma
GO201_26_7993,Ronkonkoma Branch,Penn Station
GO201_26_7993_1,Ronkonkoma Branch,Penn Station
GO201_26_7993_3,Ronkonkoma Branch,Penn Station
GO201_26_7994,Ronkonkoma Branch,Ronkonkoma
GO201_26_7994_1,Ronkonkoma Branch,Ronkonkoma
GO201_26_7994_3,Ronkonkoma Branch,Ronkonkoma
GO201_26_7995,Ronkonkoma Branch,Penn Station
GO201_26_7996,Ronkonkoma Branch,Ronkonkoma
GO201_26_7996_1,Ronkonkoma Branch,Ronkonkoma
GO201_26_7996_4,Ronkonkoma Branch,Ronkonkoma
GO201_26_7997,Ronkonkoma Branch,Penn Station
GO201_26_7999,Ronkonkoma Branch,Penn Station
GO201_26_8304,City Terminal Zone,Jamaica
GO201_26_8353,City Terminal Zone,Penn Station
GO201_26_8355,City Terminal Zone,Penn Station
GO201_26_8355_1,City Terminal Zone,Penn Station
GO201_26_8372,City Terminal Zone,Jamaica
GO201_26_8372_1,City Terminal Zone,Jamaica
GO201_26_8404,City Terminal Zone,Jamaica
GO201_26_8701,Far Rockaway Branch,Grand Central
GO201_26_8701_1,Far Rockaway Branch,Grand Central
GO201_26_8702,Far Rockaway Branch,Far Rockaway
GO201_26_8702_1,Far Rockaway Branch,Far Rockaway
GO201_26_8703,Far Rockaway Branch,Penn Station
GO201_26_8703_1,Far Rockaway Branch,Penn Station
GO201_26_8704,Far Rockaway Branch,Far Rockaway
GO201_26_8705,Far Rockaway Branch,Penn Station
GO201_26_8706,Far Rockaway Branch,Far Rockaway
GO201_26_8708,Far Rockaway Branch,Far Rockaway
GO201_26_8709,Far Rockaway Branch,Grand Central
GO201_26_8709_1,Far Rockaway Branch,Grand Central
GO201_26_8710,Far Rockaway Branch,Far Rockaway
GO201_26_8711,Far Rockaway Branch,Grand Central
GO201_26_8711_1,Far Rockaway Branch,Grand Central
GO201_26_8712,Far Rockaway Branch,Far Rockaway
GO201_26_8713,Far Rockaway Branch,Grand Central
GO201_26_8714,Far Rockaway Branch,Far Rockaway
GO201_26_8715,Far Rockaway Branch,Grand Central
GO201_26_8716,Far Rockaway Branch,Far Rockaway
GO201_26_8717,Far Rockaway Branch,Grand Central
GO201_26_8718,Far Rockaway Branch,Far Rockaway
GO201_26_8719,Far Rockaway Branch,Grand Central
GO201_26_8720,Far Rockaway Branch,Far Rockaway
GO201_26_8720_1,Far Rockaway Branch,Far Rockaway
GO201_26_8721,Far Rockaway Branch,Grand Central
GO201_26_8750,Far Rockaway Branch,Far Rockaway
GO201_26_8751,Far Rockaway Branch,Grand Central
GO201_26_8752,Far Rockaway Branch,Far Rockaway
GO201_26_8753,Far Rockaway Branch,Grand Central
GO201_26_8754,Far Rockaway Branch,Far Rockaway
GO201_26_8755,Far Rockaway Branch,Grand Central
GO201_26_8756,Far Rockaway Branch,Far Rockaway
GO201_26_8757,Far Rockaway Branch,Grand Central
GO201_26_8758,Far Rockaway Branch,Far Rockaway
GO201_26_8760,Far Rockaway Branch,Far Rockaway
GO201_26_8761,Far Rockaway Branch,Grand Central
GO201_26_8762,Far Rockaway Branch,Far Rockaway
GO201_26_8763,Far Rockaway Branch,Grand Central
GO201_26_8764,Far Rockaway Branch,Far Rockaway
GO201_26_8765,Far Rockaway Branch,Grand Central
GO201_26_8766,Far Rockaway Branch,Far Rockaway
GO201_26_8767,Far Rockaway Branch,Grand Central
GO201_26_8768,Far Rockaway Branch,Far Rockaway
GO201_26_8769,Far Rockaway Branch,Grand Central
GO201_26_8770,Far Rockaway Branch,Far Rockaway
GO201_26_8772,Far Rockaway Branch,Far Rockaway
GO201_26_8772_1,Far Rockaway Branch,Far Rockaway
GO201_26_8773,Far Rockaway Branch,Grand Central
GO201_26_8773_1,Far Rockaway Branch,Grand Central
GO201_26_8775,Far Rockaway Branch,Grand Central
GO201_26_8777,Far Rockaway Branch,Grand Central
GO201_26_8800,City Terminal Zone,Jamaica
GO201_26_8801,City Terminal Zone,Atlantic Terminal
GO201_26_8802,City Terminal Zone,Jamaica
GO201_26_8803,City Terminal Zone,Atlantic Terminal
GO201_26_8804,City Terminal Zone,Jamaica
GO201_26_8805,City Terminal Zone,Atlantic Terminal
GO201_26_8808,City Terminal Zone,Jamaica
GO201_26_8809,City Terminal Zone,Atlantic Terminal
GO201_26_8810,City Terminal Zone,Jamaica
GO201_26_8812,City Terminal Zone,Jamaica
GO201_26_8818,City Terminal Zone,Jamaica
GO201_26_8819,City Terminal Zone,Atlantic Terminal
GO201_26_8820,City Terminal Zone,Jamaica
GO201_26_8821,City Terminal Zone,Atlantic Terminal
GO201_26_8822,City Terminal Zone,Jamaica
GO201_26_8823,City Terminal Zone,Atlantic Terminal
GO201_26_8824,City Terminal Zone,Jamaica
GO201_26_8827,City Terminal Zone,Atlantic Terminal
GO201_26_8828,City Terminal Zone,Jamaica
GO201_26_8829,City Terminal Zone,Atlantic Terminal
GO201_26_8830,City Terminal Zone,Jamaica
GO201_26_8831,City Terminal Zone,Atlantic Terminal
GO201_26_8834,City Terminal Zone,Jamaica
GO201_26_8835,City Terminal Zone,Atlantic Terminal
GO201_26_8836,City Terminal Zone,Jamaica
GO201_26_8837,City Terminal Zone,Atlantic Terminal
GO201_26_8838,City Terminal Zone,Jamaica
GO201_26_8839,City Terminal Zone,Atlantic Terminal
GO201_26_8840,City Terminal Zone,Jamaica
GO201_26_8843,City Terminal Zone,Atlantic Terminal
GO201_26_8844,City Terminal Zone,Jamaica
GO201_26_8845,City Terminal Zone,Atlantic Terminal
GO201_26_8846,City Terminal Zone,Jamaica
GO201_26_8847,City Terminal Zone,Atlantic Terminal
GO201_26_8848,City Terminal Zone,Jamaica
GO201_26_8851,City Terminal Zone,Atlantic Terminal
GO201_26_8852,City Terminal Zone,Jamaica
GO201_26_8853,City Terminal Zone,Atlantic Terminal
GO201_26_8854,City Terminal Zone,Jamaica
GO201_26_8855,City Terminal Zone,Atlantic Terminal
GO201_26_8856,City Terminal Zone,Jamaica
GO201_26_8859,City Terminal Zone,Atlantic Terminal
GO201_26_8860,City Terminal Zone,Jamaica
GO201_26_8861,City Terminal Zone,Atlantic Terminal
GO201_26_8862,City Terminal Zone,Jamaica
GO201_26_8863,City Terminal Zone,Atlantic Terminal
GO201_26_8864,City Terminal Zone,Jamaica
GO201_26_8867,City Terminal Zone,Atlantic Terminal
GO201_26_8868,City Terminal Zone,Jamaica
GO201_26_8869,City Terminal Zone,Atlantic Terminal
GO201_26_8870,City Terminal Zone,Jamaica
GO201_26_8871,City Terminal Zone,Atlantic Terminal
GO201_26_8902,City Terminal Zone,Jamaica
GO201_26_8903,City Terminal Zone,Atlantic Terminal
GO201_26_8904,City Terminal Zone,Jamaica
GO201_26_8905,City Terminal Zone,Atlantic Terminal
GO201_26_8906,City Terminal Zone,Jamaica
GO201_26_8907,City Terminal Zone,Atlantic Terminal
GO201_26_8908,City Terminal Zone,Jamaica
GO201_26_8909,City Terminal Zone,Atlantic Terminal
GO201_26_8910,City Terminal Zone,Jamaica
GO201_26_8911,City Terminal Zone,Atlantic Terminal
GO201_26_8912,City Terminal Zone,Jamaica
GO201_26_8913,City Terminal Zone,Atlantic Terminal
GO201_26_8914,City Terminal Zone,Jamaica
GO201_26_8915,City Terminal Zone,Atlantic Terminal
GO201_26_8916,City Terminal Zone,Jamaica
GO201_26_8917,City Terminal Zone,Atlantic Terminal
GO201_26_8918,City Terminal Zone,Jamaica
GO201_26_8919,City Terminal Zone,Atlantic Terminal
GO201_26_8920,City Terminal Zone,Jamaica
GO201_26_8921,City Terminal Zone,Atlantic Terminal
GO201_26_8922,City Terminal Zone,Jamaica
GO201_26_8923,City Terminal Zone,Atlantic Terminal
GO201_26_8924,City Terminal Zone,Jamaica
GO201_26_8925,City Terminal Zone,Atlantic Terminal
GO201_26_8926,City Terminal Zone,Jamaica
GO201_26_8927,City Terminal Zone,Atlantic Terminal
GO201_26_8928,City Terminal Zone,Jamaica
GO201_26_8929,City Terminal Zone,Atlantic Terminal
GO201_26_8930,City Terminal Zone,Jamaica
GO201_26_8931,City Terminal Zone,Atlantic Terminal
GO201_26_8932,City Terminal Zone,Jamaica
GO201_26_8933,City Terminal Zone,Atlantic Terminal
GO201_26_8934,City Terminal Zone,Jamaica
GO201_26_8935,City Terminal Zone,Atlantic Terminal
GO201_26_8936,City Terminal Zone,Jamaica
GO201_26_8937,City Terminal Zone,Atlantic Terminal
GO201_26_8938,City Terminal Zone,Jamaica
GO201_26_8939,City Terminal Zone,Atlantic Terminal
GO201_26_8940,City Terminal Zone,Jamaica
GO201_26_8941,City Terminal Zone,Atlantic Terminal
GO201_26_8942,City Terminal Zone,Jamaica
GO201_26_8943,City Terminal Zone,Atlantic Terminal
GO201_26_8944,City Terminal Zone,Jamaica
GO201_26_8945,City Terminal Zone,Atlantic Terminal
GO201_26_8946,City Terminal Zone,Jamaica
GO201_26_8947,City Terminal Zone,Atlantic Terminal
GO201_26_8948,City Terminal Zone,Jamaica
GO201_26_8949,City Terminal Zone,Atlantic Terminal
GO201_26_8950,City Terminal Zone,Jamaica
GO201_26_8951,City Terminal Zone,Atlantic Terminal
GO201_26_8952,City Terminal Zone,Jamaica
GO201_26_8953,City Terminal Zone,Atlantic Terminal
GO201_26_8954,City Terminal Zone,Jamaica
GO201_26_8955,City Terminal Zone,Atlantic Terminal
GO201_26_8956,City Terminal Zone,Jamaica
GO201_26_8957,City Terminal Zone,Atlantic Terminal
GO201_26_8958,City Terminal Zone,Jamaica
GO201_26_8959,City Terminal Zone,Atlantic Terminal
GO201_26_8960,City Terminal Zone,Jamaica
GO201_26_8961,City Terminal Zone,Atlantic Terminal
GO201_26_8970,City Terminal Zone,Jamaica
GO201_26_8971,City Terminal Zone,Atlantic Terminal
GO201_26_8972,City Terminal Zone,Jamaica
GO201_26_8973,City Terminal Zone,Atlantic Terminal
GO201_26_8974,City Terminal Zone,Jamaica
GO201_26_8975,City Terminal Zone,Atlantic Terminal
GO201_26_8976,City Terminal Zone,Jamaica
GO201_26_8977,City Terminal Zone,Atlantic Terminal
GO201_26_8978,City Terminal Zone,Jamaica
GO201_26_8979,City Terminal Zone,Atlantic Terminal
GO201_26_8980,City Terminal Zone,Jamaica
GO201_26_8981,City Terminal Zone,Atlantic Terminal
GO201_26_10512,Oyster Bay Branch,Greenvale (Bus)
GO201_26_10516,Oyster Bay Branch,Greenvale (Bus)
GO201_26_10521,Oyster Bay Branch,Mineola (Bus)
GO201_26_10550,Oyster Bay Branch,Greenvale (Bus)
GO201_26_10552,Oyster Bay Branch,Greenvale (Bus)
GO201_26_10555,Oyster Bay Branch,Mineola (Bus)
GO201_26_10557,Oyster Bay Branch,Mineola (Bus)
GO201_26_10559,Oyster Bay Branch,Mineola (Bus)
GO201_26_10904,Greenport Service,Greenport (Bus)
GO201_26_10905,Greenport Service,Ronkonkoma (Bus)
GO201_26_10906,Greenport Service,Greenport (Bus)
GO201_26_10951,Greenport Service,Ronkonkoma (Bus)
GO201_26_20512,Oyster Bay Branch,Glen Cove (Bus)
GO201_26_20516,Oyster Bay Branch,Glen Cove (Bus)
GO201_26_20521,Oyster Bay Branch,Mineola (Bus)
GO201_26_20550,Oyster Bay Branch,Glen Cove (Bus)
GO201_26_20552,Oyster Bay Branch,Glen Cove (Bus)
GO201_26_20555,Oyster Bay Branch,Mineola (Bus)
GO201_26_20557,Oyster Bay Branch,Mineola (Bus)
GO201_26_20559,Oyster Bay Branch,Mineola (Bus)
GO201_26_20952,Greenport Service,Riverhead (Bus)
GO201_26_20953,Greenport Service,Ronkonkoma (Bus)
GO201_26_30512,Oyster Bay Branch,Oyster Bay (Bus)
GO201_26_30516,Oyster Bay Branch,Oyster Bay (Bus)
GO201_26_30521,Oyster Bay Branch,Mineola (Bus)
GO201_26_30550,Oyster Bay Branch,Oyster Bay (Bus)
GO201_26_30552,Oyster Bay Branch,Oyster Bay (Bus)
GO201_26_30555,Oyster Bay Branch,Mineola (Bus)
GO201_26_30557,Oyster Bay Branch,Mineola (Bus)
GO201_26_30559,Oyster Bay Branch,Mineola (Bus)
GO201_26_300_2931_METS,Port Washington Branch,Port Washington
GO201_26_303_2931_METS,Port Washington Branch,Penn Station
GO201_26_303_1_2931_METS,Port Washington Branch,Penn Station
GO201_26_305_2931_METS,Port Washington Branch,Penn Station
GO201_26_306_2931_METS,Port Washington Branch,Port Washington
GO201_26_307_2931_METS,Port Washington Branch,Penn Station
GO201_26_310_2931_METS,Port Washington Branch,Port Washington
GO201_26_311_2931_METS,Port Washington Branch,Penn Station
GO201_26_313_2931_METS,Port Washington Branch,Penn Station
GO201_26_314_2931_METS,Port Washington Branch,Port Washington
GO201_26_316_2931_METS,Port Washington Branch,Port Washington
GO201_26_317_2931_METS,Port Washington Branch,Penn Station
GO201_26_318_2931_METS,Port Washington Branch,Port Washington
GO201_26_320_2931_METS,Port Washington Branch,Port Washington
GO201_26_321_2931_METS,Port Washington Branch,Penn Station
GO201_26_325_2931_METS,Port Washington Branch,Penn Station
GO201_26_327_2931_METS,Port Washington Branch,Penn Station
GO201_26_327_1_2931_METS,Port Washington Branch,Penn Station
GO201_26_329_2931_METS,Port Washington Branch,Penn Station
GO201_26_331_2931_METS,Port Washington Branch,Penn Station
GO201_26_350_2931_METS,Port Washington Branch,Port Washington
GO201_26_351_2931_METS,Port Washington Branch,Penn Station
GO201_26_352_2931_METS,Port Washington Branch,Port Washington
GO201_26_353_2931_METS,Port Washington Branch,Penn Station
GO201_26_354_2931_METS,Port Washington Branch,Port Washington
GO201_26_355_2931_METS,Port Washington Branch,Penn Station
GO201_26_356_2931_METS,Port Washington Branch,Port Washington
GO201_26_357_2931_METS,Port Washington Branch,Penn Station
GO201_26_358_2931_METS,Port Washington Branch,Port Washington
GO201_26_358_1_2931_METS,Port Washington Branch,Port Washington
GO201_26_359_2931_METS,Port Washington Branch,Penn Station
GO201_26_360_2931_METS,Port Washington Branch,Port Washington
GO201_26_360_1_2931_METS,Port Washington Branch,Port Washington
GO201_26_361_2931_METS,Port Washington Branch,Penn Station
GO201_26_362_2931_METS,Port Washington Branch,Port Washington
GO201_26_363_2931_METS,Port Washington Branch,Penn Station
GO201_26_364_2931_METS,Port Washington Branch,Port Washington
GO201_26_364_2_2931_METS,Port Washington Branch,Port Washington
GO201_26_365_2931_METS,Port Washington Branch,Penn Station
GO201_26_366_2931_METS,Port Washington Branch,Port Washington
GO201_26_367_2931_METS,Port Washington Branch,Penn Station
GO201_26_368_2931_METS,Port Washington Branch,Port Washington
GO201_26_369_2931_METS,Port Washington Branch,Penn Station
GO201_26_370_2931_METS,Port Washington Branch,Port Washington
GO201_26_371_2931_METS,Port Washington Branch,Penn Station
GO201_26_372_2931_METS,Port Washington Branch,Port Washington
GO201_26_373_2931_METS,Port Washington Branch,Penn Station
GO201_26_374_2931_METS,Port Washington Branch,Port Washington
GO201_26_376_2931_METS,Port Washington Branch,Port Washington
GO201_26_378_2931_METS,Port Washington Branch,Port Washington
GO201_26_380_2931_METS,Port Washington Branch,Port Washington
GO201_26_382_2931_METS,Port Washington Branch,Port Washington
GO201_26_391_2931_METS,Port Washington Branch,Penn Station
GO201_26_393_2931_METS,Port Washington Branch,Penn Station
GO201_26_400_2931_METS,Port Washington Branch,Port Washington
GO201_26_400_1_2931_METS,Port Washington Branch,Port Washington
GO201_26_405_2931_METS,Port Washington Branch,Grand Central
GO201_26_410_2931_METS,Port Washington Branch,Port Washington
GO201_26_411_2931_METS,Port Washington Branch,Grand Central
GO201_26_415_2931_METS,Port Washington Branch,Grand Central
GO201_26_416_2931_METS,Port Washington Branch,Port Washington
GO201_26_418_2931_METS,Port Washington Branch,Port Washington
GO201_26_419_2931_METS,Port Washington Branch,Grand Central
GO201_26_420_2931_METS,Port Washington Branch,Port Washington
GO201_26_422_2931_METS,Port Washington Branch,Port Washington
GO201_26_423_2931_METS,Port Washington Branch,Grand Central
GO201_26_423_1_2931_METS,Port Washington Branch,Grand Central
GO201_26_425_2931_METS,Port Washington Branch,Grand Central
GO201_26_425_1_2931_METS,Port Washington Branch,Grand Central
GO201_26_427_2931_METS,Port Washington Branch,Grand Central
GO201_26_429_2931_METS,Port Washington Branch,Grand Central
GO201_26_431_2931_METS,Port Washington Branch,Grand Central
GO201_26_450_2931_METS,Port Washington Branch,Port Washington
GO201_26_452_2931_METS,Port Washington Branch,Port Washington
GO201_26_453_2931_METS,Port Washington Branch,Grand Central
GO201_26_454_2931_METS,Port Washington Branch,Port Washington
GO201_26_455_2931_METS,Port Washington Branch,Grand Central
GO201_26_456_2931_METS,Port Washington Branch,Port Washington
GO201_26_457_2931_METS,Port Washington Branch,Grand Central
GO201_26_458_2931_METS,Port Washington Branch,Port Washington
GO201_26_459_2931_METS,Port Washington Branch,Grand Central
GO201_26_460_2931_METS,Port Washington Branch,Port Washington
GO201_26_461_2931_METS,Port Washington Branch,Grand Central
GO201_26_462_2931_METS,Port Washington Branch,Port Washington
GO201_26_462_1_2931_METS,Port Washington Branch,Port Washington
GO201_26_463_2931_METS,Port Washington Branch,Grand Central
GO201_26_464_2931_METS,Port Washington Branch,Port Washington
GO201_26_467_2931_METS,Port Washington Branch,Grand Central
GO201_26_468_2931_METS,Port Washington Branch,Port Washington
GO201_26_468_2_2931_METS,Port Washington Branch,Port Washington
GO201_26_469_2931_METS,Port Washington Branch,Grand Central
GO201_26_472_2931_METS,Port Washington Branch,Port Washington
GO201_26_1310_2931_METS,Port Washington Branch,Great Neck
GO201_26_1315_2931_METS,Port Washington Branch,Penn Station
GO201_26_1319_2931_METS,Port Washington Branch,Penn Station
GO201_26_1323_2931_METS,Port Washington Branch,Penn Station
GO201_26_1323_1_2931_METS,Port Washington Branch,Penn Station
GO201_26_1327_2931_METS,Port Washington Branch,Penn Station
GO201_26_1362_2931_METS,Port Washington Branch,Great Neck
GO201_26_1363_2931_METS,Port Washington Branch,Penn Station
GO201_26_1364_2931_METS,Port Washington Branch,Great Neck
GO201_26_1365_2931_METS,Port Washington Branch,Penn Station
GO201_26_1366_2931_METS,Port Washington Branch,Great Neck
GO201_26_1368_2931_METS,Port Washington Branch,Great Neck
GO201_26_1412_2931_METS,Port Washington Branch,Great Neck
GO201_26_1413_2931_METS,Port Washington Branch,Grand Central
GO201_26_1414_2931_METS,Port Washington Branch,Great Neck
GO201_26_1416_2931_METS,Port Washington Branch,Great Neck
GO201_26_1421_2931_METS,Port Washington Branch,Grand Central
GO201_26_1462_2931_METS,Port Washington Branch,Great Neck
GO201_26_1463_2931_METS,Port Washington Branch,Grand Central
GO201_26_1464_2931_METS,Port Washington Branch,Great Neck
GO201_26_1466_2931_METS,Port Washington Branch,Great Neck
GO201_26_1467_2931_METS,Port Washington Branch,Grand Central
GO201_26_1468_2931_METS,Port Washington Branch,Great Neck
GO201_26_1472_2931_METS,Port Washington Branch,Great Neck
GO201_26_6300_2932_METS,Port Washington Branch,Port Washington
GO201_26_6301_2932_METS,Port Washington Branch,Penn Station
GO201_26_6302_2932_METS,Port Washington Branch,Port Washington
GO201_26_6303_2932_METS,Port Washington Branch,Penn Station
GO201_26_6303_1_2932_METS,Port Washington Branch,Penn Station
GO201_26_6304_2932_METS,Port Washington Branch,Port Washington
GO201_26_6305_2932_METS,Port Washington Branch,Penn Station
GO201_26_6307_2932_METS,Port Washington Branch,Penn Station
GO201_26_6310_2932_METS,Port Washington Branch,Port Washington
GO201_26_6311_2932_METS,Port Washington Branch,Penn Station
GO201_26_6312_2932_METS,Port Washington Branch,Port Washington
GO201_26_6313_2932_METS,Port Washington Branch,Penn Station
GO201_26_6314_2932_METS,Port Washington Branch,Port Washington
GO201_26_6315_2932_METS,Port Washington Branch,Penn Station
GO201_26_6316_2932_METS,Port Washington Branch,Port Washington
GO201_26_6317_2932_METS,Port Washington Branch,Penn Station
GO201_26_6318_2932_METS,Port Washington Branch,Port Washington
GO201_26_6319_2932_METS,Port Washington Branch,Penn Station
GO201_26_6320_2932_METS,Port Washington Branch,Port Washington
GO201_26_6321_2932_METS,Port Washington Branch,Penn Station
GO201_26_6350_2932_METS,Port Washington Branch,Port Washington
GO201_26_6351_2932_METS,Port Washington Branch,Penn Station
GO201_26_6352_2932_METS,Port Washington Branch,Port Washington
GO201_26_6353_2932_METS,Port Washington Branch,Penn Station
GO201_26_6354_2932_METS,Port Washington Branch,Port Washington
GO201_26_6355_2932_METS,Port Washington Branch,Penn Station
GO201_26_6356_2932_METS,Port Washington Branch,Port Washington
GO201_26_6357_2932_METS,Port Washington Branch,Penn Station
GO201_26_6358_2932_METS,Port Washington Branch,Port Washington
GO201_26_6359_2932_METS,Port Washington Branch,Penn Station
GO201_26_6360_2932_METS,Port Washington Branch,Port Washington
GO201_26_6361_2932_METS,Port Washington Branch,Penn Station
GO201_26_6362_2932_METS,Port Washington Branch,Port Washington
GO201_26_6363_2932_METS,Port Washington Branch,Penn Station
GO201_26_6364_2932_METS,Port Washington Branch,Port Washington
GO201_26_6365_2932_METS,Port Washington Branch,Penn Station
GO201_26_6366_2932_METS,Port Washington Branch,Port Washington
GO201_26_6367_2932_METS,Port Washington Branch,Penn Station
GO201_26_6368_2932_METS,Port Washington Branch,Port Washington
GO201_26_6369_2932_METS,Port Washington Branch,Penn Station
GO201_26_6370_2932_METS,Port Washington Branch,Port Washington
GO201_26_6371_2932_METS,Port Washington Branch,Penn Station
GO201_26_6372_2932_METS,Port Washington Branch,Port Washington
GO201_26_6373_2932_METS,Port Washington Branch,Penn Station
GO201_26_6390_2932_METS,Port Washington Branch,Port Washington
GO201_26_6392_2932_METS,Port Washington Branch,Port Washington
GO201_26_6393_2932_METS,Port Washington Branch,Penn Station
GO201_26_6394_2932_METS,Port Washington Branch,Port Washington
GO201_26_6395_2932_METS,Port Washington Branch,Penn Station
GO201_26_6396_2932_METS,Port Washington Branch,Port Washington
GO201_26_6397_2932_METS,Port Washington Branch,Penn Station
GO201_26_6398_2932_METS,Port Washington Branch,Port Washington
GO201_26_6399_2932_METS,Port Washington Branch,Penn Station
GO201_26_6412_2932_METS,Port Washington Branch,Port Washington
GO201_26_6413_2932_METS,Port Washington Branch,Grand Central
GO201_26_6414_2932_METS,Port Washington Branch,Port Washington
GO201_26_6415_2932_METS,Port Washington Branch,Grand Central
GO201_26_6416_2932_METS,Port Washington Branch,Port Washington
GO201_26_6417_2932_METS,Port Washington Branch,Grand Central
GO201_26_6418_2932_METS,Port Washington Branch,Port Washington
GO201_26_6419_2932_METS,Port Washington Branch,Grand Central
GO201_26_6420_2932_METS,Port Washington Branch,Port Washington
GO201_26_6421_2932_METS,Port Washington Branch,Grand Central
GO201_26_6423_2932_METS,Port Washington Branch,Grand Central
GO201_26_6450_2932_METS,Port Washington Branch,Port Washington
GO201_26_6451_2932_METS,Port Washington Branch,Grand Central
GO201_26_6452_2932_METS,Port Washington Branch,Port Washington
GO201_26_6453_2932_METS,Port Washington Branch,Grand Central
GO201_26_6454_2932_METS,Port Washington Branch,Port Washington
GO201_26_6455_2932_METS,Port Washington Branch,Grand Central
GO201_26_6456_2932_METS,Port Washington Branch,Port Washington
GO201_26_6457_2932_METS,Port Washington Branch,Grand Central
GO201_26_6458_2932_METS,Port Washington Branch,Port Washington
GO201_26_6459_2932_METS,Port Washington Branch,Grand Central
GO201_26_6460_2932_METS,Port Washington Branch,Port Washington
GO201_26_6461_2932_METS,Port Washington Branch,Grand Central
GO201_26_6462_2932_METS,Port Washington Branch,Port Washington
GO201_26_6463_2932_METS,Port Washington Branch,Grand Central
GO201_26_6464_2932_METS,Port Washington Branch,Port Washington
GO201_26_6465_2932_METS,Port Washington Branch,Grand Central
GO201_26_6466_2932_METS,Port Washington Branch,Port Washington
GO201_26_6468_2932_METS,Port Washington Branch,Port Washington
