stop_code,stop_name,lat,lon,lines
AM,Aberdeen-Matawan,40.420161,-74.223702,NJCL
AB,Absecon,39.424333,-74.502094,ACRL
AZ,Allendale,41.030902,-74.130957,BERG|MAIN
AH,Allenhurst,40.237659,-74.006769,NJCL
AS,Anderson Street,40.894458,-74.043781,PASC
AN,Annandale,40.645173,-74.878569,RARV
AP,Asbury Park,40.215359,-74.014786,NJCL
AO,Atco,39.783547,-74.907588,ACRL
AC,Atlantic City Terminal,39.363299,-74.441486,ACRL
AV,Avenel,40.57762,-74.27753,NJCL
BA,B.W.I. Airport,39.1945,-76.6887,
BL,Baltimore,39.3074,-76.6157,
BI,Basking Ridge,40.711378,-74.55527,MNEG
BH,Bay Head,40.077178,-74.046183,NJCL
MC,Bay Street (Montclair),40.808178,-74.208681,MNBTN
BS,Belmar,40.18059,-74.027301,NJCL
BY,Berkeley Heights,40.682345,-74.442649,MNEG
BV,Bernardsville,40.716845,-74.571023,MNEG
BM,Bloomfield,40.792709,-74.200043,MNBTN
BN,Boonton,40.903378,-74.407736,MNBTN
BK,Bound Brook,40.560929,-74.530617,RARV
BB,Bradley Beach,40.203751,-74.018891,NJCL
BU,Brick Church,40.765134,-74.218612,MNE|MNEG
BW,Bridgewater,40.559906,-74.551741,RARV
BF,Broadway,40.922505,-74.115236,BERG
CB,Campbell Hall,41.450917,-74.266554,BERG|MAIN
CM,Chatham,40.740137,-74.384812,MNE
CY,Cherry Hill,39.928447,-75.041661,ACRL
IF,Clifton,40.867998,-74.153203,MAIN
CN,Convent,40.779038,-74.443435,MNE
XC,Cranford,40.655523,-74.303226,RARV
DL,Delawanna,40.831369,-74.131262,MAIN
DV,Denville,40.8839,-74.481513,MNBTN|MNE
DO,Dover,40.883415,-74.555887,MNBTN|MNE
DN,Dunellen,40.590869,-74.463043,RARV
EO,East Orange,40.760977,-74.210464,MNE|MNEG
ED,Edison,40.519148,-74.410972,NEC
EH,Egg Harbor City,39.526441,-74.648028,ACRL
EL,Elberon,40.265292,-73.99762,NJCL
EZ,Elizabeth,40.667857,-74.215174,NEC|NJCL
EN,Emerson,40.975036,-74.027471,PASC
EX,Essex Street,40.878973,-74.051893,PASC
FW,Fanwood,40.64106,-74.385003,RARV
FH,Far Hills,40.685712,-74.633734,MNEG
GD,Garfield,40.866669,-74.10556,BERG
GW,Garwood,40.652569,-74.324794,RARV
GI,Gillette,40.678253,-74.468317,MNEG
GL,Gladstone,40.720284,-74.666371,MNEG
GG,Glen Ridge,40.80059,-74.204655,MNBTN
GK,Glen Rock (Boro Hall),40.96137,-74.1293,BERG
RS,Glen Rock (Main Line),40.962206,-74.133485,MAIN
HQ,Hackettstown,40.851444,-74.835352,MNBTN|MNE
HL,Hamilton,40.255309,-74.70412,NEC
HN,Hammonton,39.631673,-74.79946,ACRL
RM,Harriman Station,41.293354,-74.13987,BERG|MAIN
HW,Hawthorne,40.942539,-74.152411,MAIN
HZ,Hazlet,40.415385,-74.190393,NJCL
HG,High Bridge,40.666884,-74.895863,RARV
HI,Highland Ave.,40.766863,-74.243741,MNE|MNEG
HD,Hillsdale,41.002414,-74.041033,PASC
UF,Ho-Ho-Kus,40.997369,-74.113521,BERG|MAIN
HB,Hoboken,40.734843,-74.028046,BERG|MAIN|MNBTN|MNE|MNEG|MRL|PASC
JA,Jersey Avenue,40.476912,-74.467363,NEC
HP,Lake Hopatcong,40.904219,-74.665697,MNBTN|MNE
ON,Lebanon,40.636905,-74.835766,RARV
LP,Lincoln Park,40.924138,-74.301826,MNBTN
LI,Linden,40.629485,-74.251772,NEC|NJCL
LW,Lindenwold,39.833705,-75.000674,ACRL
FA,Little Falls,40.880669,-74.235372,MNBTN
LS,Little Silver,40.326715,-74.041054,NJCL
LB,Long Branch,40.297145,-73.988331,NJCL
LN,Lyndhurst,40.816475,-74.124164,MAIN
LY,Lyons,40.684844,-74.54947,MNEG
MA,Madison,40.757028,-74.415105,MNE
MZ,Mahwah,41.094416,-74.14662,BERG|MAIN
SQ,Manasquan,40.120573,-74.047688,NJCL
MW,Maplewood,40.731149,-74.275427,MNE|MNEG
XU,Meadowlands,40.811099,-74.072906,MRL
MP,Metropark,40.56864,-74.329391,NEC
MU,Metuchen,40.540736,-74.360671,NEC
MI,Middletown,40.38978,-74.116131,NJCL
MD,"Middletown, NY",41.457488,-74.37039,BERG|MAIN
MB,Millburn,40.725622,-74.303755,MNE|MNEG
GO,Millington,40.673515,-74.523606,MNEG
MK,Monmouth Park,40.313425,-74.015172,NJCL
HS,Montclair Heights,40.857536,-74.2025,MNBTN
UV,Montclair State University,40.869782,-74.197439,MNBTN
ZM,Montvale,41.040879,-74.029152,PASC
MX,Morris Plains,40.828639,-74.478197,MNE
MR,Morristown,40.797113,-74.474086,MNE
HV,Mount Arlington,40.89659,-74.632731,MNBTN|MNE
OL,Mount Olive,40.907376,-74.730653,MNBTN|MNE
TB,Mount Tabor,40.875904,-74.481915,MNE
MS,Mountain Ave.,40.848715,-74.205306,MNBTN
ML,Mountain Lakes,40.885947,-74.433604,MNBTN
MT,Mountain Sta.,40.755367,-74.253024,MNE|MNEG
MV,Mountain View,40.914402,-74.268158,MNBTN
MH,Murray Hill,40.69507,-74.403134,MNEG
NN,Nanuet,41.090015,-74.014794,PASC
NT,Netcong,40.897552,-74.707317,MNBTN|MNE
NE,Netherwood,40.629148,-74.403455,RARV
NH,New Bridge Landing,40.910856,-74.035044,PASC
NB,New Brunswick,40.497278,-74.445751,NEC
NC,New Carrollton,38.948,-76.8719,
NV,New Providence,40.712022,-74.386501,MNEG
ND,Newark Broad St.,40.747621,-74.171943,MNBTN|MNE|MNEG
NA,Newark Int'l Airport,40.704415,-74.190717,NEC|NJCL
NP,Newark Penn Station,40.734221,-74.164557,NEC|NJCL|RARV
OR,North Branch,40.59202,-74.683802,RARV
NZ,North Elizabeth,40.680265,-74.206165,NEC|NJCL
NF,North Philadelphia,39.9972,-75.1552,
OD,Oradell,40.953478,-74.029983,PASC
OG,Orange,40.771883,-74.233103,MNE|MNEG
OS,Otisville,41.471784,-74.529212,BERG|MAIN
PV,Park Ridge,41.032305,-74.036164,PASC
PS,Passaic,40.849413,-74.13393,MAIN
RN,Paterson,40.914887,-74.16733,MAIN
PC,Peapack,40.708794,-74.658469,MNEG
PQ,Pearl River,41.058181,-74.02232,PASC
NY,Penn Station New York,40.750048,-73.992358,MNBTN|MNE|MNEG|NEC|NJCL|RARV
PN,Pennsauken,39.97777,-75.06179,ACRL
PE,Perth Amboy,40.509398,-74.273752,NJCL
PH,Philadelphia 30th St.,39.956565,-75.182327,ACRL
PF,Plainfield,40.618425,-74.420163,RARV
PL,Plauderville,40.884916,-74.102695,BERG
PP,Point Pleasant,40.092718,-74.048191,NJCL
PO,Port Jervis,41.374899,-74.694622,BERG|MAIN
PJ,Princeton Junction,40.316316,-74.623753,NEC|PRIN
PR,Princeton Station,40.342088,-74.65887,PRIN
FZ,Radburn,40.938889,-74.121992,BERG
RH,Rahway,40.606338,-74.276692,NEC|NJCL
RY,Ramsey,41.056422,-74.141877,BERG|MAIN
RA,Raritan,40.571007,-74.634364,RARV
RB,Red Bank,40.348284,-74.074538,NJCL
RW,Ridgewood,40.980629,-74.120592,BERG|MAIN
RG,River Edge,40.935146,-74.02914,PASC
RL,Roselle Park,40.667152,-74.26632,RARV
17,Route 17 Station,41.07513,-74.145485,BERG|MAIN
23,Route 23,40.900799,-74.256603,MNBTN
RF,Rutherford,40.828248,-74.100563,BERG
CW,Salisbury Mills,41.437073,-74.101871,BERG|MAIN
TS,Secaucus Junction,40.761188,-74.075821,BERG|MAIN|MRL|PASC
SE,Secaucus Station,40.761188,-74.075821,MNBTN|MNE|MNEG|NEC|NJCL|RARV
RT,Short Hills,40.725249,-74.323754,MNE|MNEG
XG,Sloatsburg,41.157138,-74.191307,BERG|MAIN
SM,Somerville,40.566075,-74.61397,RARV
CH,South Amboy,40.484308,-74.28014,NJCL
SO,South Orange,40.744538,-74.261564,MNE|MNEG
LA,Spring Lake,40.150557,-74.035481,NJCL
SV,Spring Valley,41.111978,-74.043991,PASC
SG,Stirling,40.674581,-74.493723,MNEG
SF,Suffern,41.11354,-74.153442,BERG|MAIN
ST,Summit,40.716549,-74.357807,MNE|MNEG
TE,Teterboro,40.864858,-74.062676,PASC
TO,Towaco,40.922809,-74.343842,MNBTN
TR,Trenton Station,40.218515,-74.753926,NEC
TC,Tuxedo,41.194208,-74.18446,BERG|MAIN
US,Union Station,40.683663,-74.238605,RARV
UM,Upper Montclair,40.842004,-74.209368,MNBTN
WK,Waldwick,41.012734,-74.123412,BERG|MAIN
WA,Walnut Street (Montclair),40.817218,-74.20963,MNBTN
WS,Washington,38.897095,-77.006332,
WG,Watchung Avenue,40.829516,-74.206934,MNBTN
WT,Watsessing Avenue (Bloomfield),40.782743,-74.198451,MNBTN
WM,Wesmont,40.854979,-74.096951,BERG
WF,Westfield,40.649448,-74.347629,RARV
WW,Westwood,40.990817,-74.032696,PASC
WH,White House,40.615613,-74.77066,RARV
WI,Wilmington,39.7372,-75.5513,
WR,Wood-Ridge,40.843974,-74.078719,PASC
WB,Woodbridge,40.55661,-74.277754,NJCL
WL,Woodcliff Lake,41.021078,-74.040775,PASC
